record_id,track_id,windowing_name,window_index,segment_length_seconds,start_sample,end_sample,start_seconds,end_seconds,cache_key
single_center:182:0,182,single_center,0,3.0,216022,264022,13.501375,16.501375,21c1f938e5d2b04b
single_center:704:0,704,single_center,0,3.0,215813,263813,13.4883125,16.4883125,21c1f938e5d2b04b
single_center:705:0,705,single_center,0,3.0,215813,263813,13.4883125,16.4883125,21c1f938e5d2b04b
single_center:706:0,706,single_center,0,3.0,216022,264022,13.501375,16.501375,21c1f938e5d2b04b
single_center:707:0,707,single_center,0,3.0,215813,263813,13.4883125,16.4883125,21c1f938e5d2b04b
single_center:708:0,708,single_center,0,3.0,215813,263813,13.4883125,16.4883125,21c1f938e5d2b04b
single_center:709:0,709,single_center,0,3.0,216022,264022,13.501375,16.501375,21c1f938e5d2b04b
single_center:890:0,890,single_center,0,3.0,215813,263813,13.4883125,16.4883125,21c1f938e5d2b04b
single_center:892:0,892,single_center,0,3.0,215813,263813,13.4883125,16.4883125,21c1f938e5d2b04b
single_center:1066:0,1066,single_center,0,3.0,216022,264022,13.501375,16.501375,21c1f938e5d2b04b
single_center:1069:0,1069,single_center,0,3.0,215813,263813,13.4883125,16.4883125,21c1f938e5d2b04b
single_center:1073:0,1073,single_center,0,3.0,216022,264022,13.501375,16.501375,21c1f938e5d2b04b
single_center:1075:0,1075,single_center,0,3.0,215813,263813,13.4883125,16.4883125,21c1f938e5d2b04b
single_center:1249:0,1249,single_center,0,3.0,215813,263813,13.4883125,16.4883125,21c1f938e5d2b04b
single_center:1259:0,1259,single_center,0,3.0,215813,263813,13.4883125,16.4883125,21c1f938e5d2b04b
single_center:3624:0,3624,single_center,0,3.0,216022,264022,13.501375,16.501375,21c1f938e5d2b04b
single_center:4108:0,4108,single_center,0,3.0,215813,263813,13.4883125,16.4883125,21c1f938e5d2b04b
single_center:7373:0,7373,single_center,0,3.0,215813,263813,13.4883125,16.4883125,21c1f938e5d2b04b
single_center:7374:0,7374,single_center,0,3.0,215813,263813,13.4883125,16.4883125,21c1f938e5d2b04b
single_center:7375:0,7375,single_center,0,3.0,215813,263813,13.4883125,16.4883125,21c1f938e5d2b04b
single_center:7376:0,7376,single_center,0,3.0,215813,263813,13.4883125,16.4883125,21c1f938e5d2b04b
single_center:7377:0,7377,single_center,0,3.0,215813,263813,13.4883125,16.4883125,21c1f938e5d2b04b
single_center:7378:0,7378,single_center,0,3.0,216022,264022,13.501375,16.501375,21c1f938e5d2b04b
single_center:7379:0,7379,single_center,0,3.0,215813,263813,13.4883125,16.4883125,21c1f938e5d2b04b
single_center:7381:0,7381,single_center,0,3.0,216022,264022,13.501375,16.501375,21c1f938e5d2b04b
single_center:7383:0,7383,single_center,0,3.0,216022,264022,13.501375,16.501375,21c1f938e5d2b04b
single_center:7385:0,7385,single_center,0,3.0,215813,263813,13.4883125,16.4883125,21c1f938e5d2b04b
single_center:7386:0,7386,single_center,0,3.0,215813,263813,13.4883125,16.4883125,21c1f938e5d2b04b
single_center:7388:0,7388,single_center,0,3.0,215813,263813,13.4883125,16.4883125,21c1f938e5d2b04b
single_center:7391:0,7391,single_center,0,3.0,215813,263813,13.4883125,16.4883125,21c1f938e5d2b04b
single_center:7393:0,7393,single_center,0,3.0,215813,263813,13.4883125,16.4883125,21c1f938e5d2b04b
single_center:9155:0,9155,single_center,0,3.0,216022,264022,13.501375,16.501375,21c1f938e5d2b04b
single_center:10250:0,10250,single_center,0,3.0,215813,263813,13.4883125,16.4883125,21c1f938e5d2b04b
single_center:10381:0,10381,single_center,0,3.0,215813,263813,13.4883125,16.4883125,21c1f938e5d2b04b
single_center:10382:0,10382,single_center,0,3.0,215813,263813,13.4883125,16.4883125,21c1f938e5d2b04b
single_center:10383:0,10383,single_center,0,3.0,215813,263813,13.4883125,16.4883125,21c1f938e5d2b04b
single_center:10384:0,10384,single_center,0,3.0,216022,264022,13.501375,16.501375,21c1f938e5d2b04b
single_center:10385:0,10385,single_center,0,3.0,216022,264022,13.501375,16.501375,21c1f938e5d2b04b
single_center:10386:0,10386,single_center,0,3.0,216022,264022,13.501375,16.501375,21c1f938e5d2b04b
single_center:10387:0,10387,single_center,0,3.0,216022,264022,13.501375,16.501375,21c1f938e5d2b04b
single_center:10388:0,10388,single_center,0,3.0,215813,263813,13.4883125,16.4883125,21c1f938e5d2b04b
single_center:10389:0,10389,single_center,0,3.0,216022,264022,13.501375,16.501375,21c1f938e5d2b04b
single_center:10438:0,10438,single_center,0,3.0,216022,264022,13.501375,16.501375,21c1f938e5d2b04b
single_center:10439:0,10439,single_center,0,3.0,215813,263813,13.4883125,16.4883125,21c1f938e5d2b04b
single_center:10440:0,10440,single_center,0,3.0,215813,263813,13.4883125,16.4883125,21c1f938e5d2b04b
single_center:10441:0,10441,single_center,0,3.0,216022,264022,13.501375,16.501375,21c1f938e5d2b04b
single_center:10442:0,10442,single_center,0,3.0,216022,264022,13.501375,16.501375,21c1f938e5d2b04b
single_center:10443:0,10443,single_center,0,3.0,216022,264022,13.501375,16.501375,21c1f938e5d2b04b
single_center:10444:0,10444,single_center,0,3.0,216022,264022,13.501375,16.501375,21c1f938e5d2b04b
single_center:10447:0,10447,single_center,0,3.0,215813,263813,13.4883125,16.4883125,21c1f938e5d2b04b
single_center:10480:0,10480,single_center,0,3.0,215813,263813,13.4883125,16.4883125,21c1f938e5d2b04b
single_center:10481:0,10481,single_center,0,3.0,215813,263813,13.4883125,16.4883125,21c1f938e5d2b04b
single_center:10485:0,10485,single_center,0,3.0,215813,263813,13.4883125,16.4883125,21c1f938e5d2b04b
single_center:10678:0,10678,single_center,0,3.0,216022,264022,13.501375,16.501375,21c1f938e5d2b04b
single_center:10679:0,10679,single_center,0,3.0,216022,264022,13.501375,16.501375,21c1f938e5d2b04b
single_center:10682:0,10682,single_center,0,3.0,216022,264022,13.501375,16.501375,21c1f938e5d2b04b
single_center:10684:0,10684,single_center,0,3.0,216022,264022,13.501375,16.501375,21c1f938e5d2b04b
single_center:10992:0,10992,single_center,0,3.0,216022,264022,13.501375,16.501375,21c1f938e5d2b04b
single_center:10993:0,10993,single_center,0,3.0,216022,264022,13.501375,16.501375,21c1f938e5d2b04b
single_center:11019:0,11019,single_center,0,3.0,215813,263813,13.4883125,16.4883125,21c1f938e5d2b04b
single_center:11020:0,11020,single_center,0,3.0,215813,263813,13.4883125,16.4883125,21c1f938e5d2b04b
single_center:11059:0,11059,single_center,0,3.0,216022,264022,13.501375,16.501375,21c1f938e5d2b04b
single_center:11200:0,11200,single_center,0,3.0,216022,264022,13.501375,16.501375,21c1f938e5d2b04b
single_center:11204:0,11204,single_center,0,3.0,215813,263813,13.4883125,16.4883125,21c1f938e5d2b04b
single_center:11503:0,11503,single_center,0,3.0,216022,264022,13.501375,16.501375,21c1f938e5d2b04b
single_center:11504:0,11504,single_center,0,3.0,215813,263813,13.4883125,16.4883125,21c1f938e5d2b04b
single_center:11505:0,11505,single_center,0,3.0,215813,263813,13.4883125,16.4883125,21c1f938e5d2b04b
single_center:11508:0,11508,single_center,0,3.0,215813,263813,13.4883125,16.4883125,21c1f938e5d2b04b
single_center:12045:0,12045,single_center,0,3.0,216022,264022,13.501375,16.501375,21c1f938e5d2b04b
single_center:12046:0,12046,single_center,0,3.0,215813,263813,13.4883125,16.4883125,21c1f938e5d2b04b
single_center:12047:0,12047,single_center,0,3.0,216022,264022,13.501375,16.501375,21c1f938e5d2b04b
single_center:12048:0,12048,single_center,0,3.0,216022,264022,13.501375,16.501375,21c1f938e5d2b04b
single_center:12049:0,12049,single_center,0,3.0,216022,264022,13.501375,16.501375,21c1f938e5d2b04b
single_center:12050:0,12050,single_center,0,3.0,216022,264022,13.501375,16.501375,21c1f938e5d2b04b
single_center:12051:0,12051,single_center,0,3.0,216022,264022,13.501375,16.501375,21c1f938e5d2b04b
single_center:12052:0,12052,single_center,0,3.0,215813,263813,13.4883125,16.4883125,21c1f938e5d2b04b
single_center:12053:0,12053,single_center,0,3.0,215813,263813,13.4883125,16.4883125,21c1f938e5d2b04b
single_center:12058:0,12058,single_center,0,3.0,215813,263813,13.4883125,16.4883125,21c1f938e5d2b04b
single_center:12059:0,12059,single_center,0,3.0,215813,263813,13.4883125,16.4883125,21c1f938e5d2b04b
single_center:12060:0,12060,single_center,0,3.0,216022,264022,13.501375,16.501375,21c1f938e5d2b04b
single_center:12061:0,12061,single_center,0,3.0,216022,264022,13.501375,16.501375,21c1f938e5d2b04b
single_center:12062:0,12062,single_center,0,3.0,215813,263813,13.4883125,16.4883125,21c1f938e5d2b04b
single_center:12064:0,12064,single_center,0,3.0,215813,263813,13.4883125,16.4883125,21c1f938e5d2b04b
single_center:12065:0,12065,single_center,0,3.0,216022,264022,13.501375,16.501375,21c1f938e5d2b04b
single_center:12066:0,12066,single_center,0,3.0,215813,263813,13.4883125,16.4883125,21c1f938e5d2b04b
single_center:12067:0,12067,single_center,0,3.0,215813,263813,13.4883125,16.4883125,21c1f938e5d2b04b
single_center:12179:0,12179,single_center,0,3.0,216022,264022,13.501375,16.501375,21c1f938e5d2b04b
single_center:12387:0,12387,single_center,0,3.0,216022,264022,13.501375,16.501375,21c1f938e5d2b04b
single_center:12390:0,12390,single_center,0,3.0,216022,264022,13.501375,16.501375,21c1f938e5d2b04b
single_center:12481:0,12481,single_center,0,3.0,216022,264022,13.501375,16.501375,21c1f938e5d2b04b
single_center:12482:0,12482,single_center,0,3.0,216022,264022,13.501375,16.501375,21c1f938e5d2b04b
single_center:12484:0,12484,single_center,0,3.0,215813,263813,13.4883125,16.4883125,21c1f938e5d2b04b
single_center:12485:0,12485,single_center,0,3.0,215813,263813,13.4883125,16.4883125,21c1f938e5d2b04b
single_center:12486:0,12486,single_center,0,3.0,215813,263813,13.4883125,16.4883125,21c1f938e5d2b04b
single_center:12487:0,12487,single_center,0,3.0,216022,264022,13.501375,16.501375,21c1f938e5d2b04b
single_center:12488:0,12488,single_center,0,3.0,215813,263813,13.4883125,16.4883125,21c1f938e5d2b04b
single_center:12489:0,12489,single_center,0,3.0,215813,263813,13.4883125,16.4883125,21c1f938e5d2b04b
single_center:12490:0,12490,single_center,0,3.0,215813,263813,13.4883125,16.4883125,21c1f938e5d2b04b
single_center:12508:0,12508,single_center,0,3.0,215813,263813,13.4883125,16.4883125,21c1f938e5d2b04b
single_center:12513:0,12513,single_center,0,3.0,216022,264022,13.501375,16.501375,21c1f938e5d2b04b
single_center:12514:0,12514,single_center,0,3.0,215813,263813,13.4883125,16.4883125,21c1f938e5d2b04b
single_center:12518:0,12518,single_center,0,3.0,215813,263813,13.4883125,16.4883125,21c1f938e5d2b04b
single_center:12521:0,12521,single_center,0,3.0,216022,264022,13.501375,16.501375,21c1f938e5d2b04b
single_center:12690:0,12690,single_center,0,3.0,216022,264022,13.501375,16.501375,21c1f938e5d2b04b
single_center:12691:0,12691,single_center,0,3.0,216022,264022,13.501375,16.501375,21c1f938e5d2b04b
single_center:12692:0,12692,single_center,0,3.0,216022,264022,13.501375,16.501375,21c1f938e5d2b04b
single_center:13328:0,13328,single_center,0,3.0,215813,263813,13.4883125,16.4883125,21c1f938e5d2b04b
single_center:13578:0,13578,single_center,0,3.0,216022,264022,13.501375,16.501375,21c1f938e5d2b04b
single_center:13666:0,13666,single_center,0,3.0,215813,263813,13.4883125,16.4883125,21c1f938e5d2b04b
single_center:13706:0,13706,single_center,0,3.0,215813,263813,13.4883125,16.4883125,21c1f938e5d2b04b
single_center:13707:0,13707,single_center,0,3.0,216022,264022,13.501375,16.501375,21c1f938e5d2b04b
single_center:13708:0,13708,single_center,0,3.0,215813,263813,13.4883125,16.4883125,21c1f938e5d2b04b
single_center:13709:0,13709,single_center,0,3.0,215813,263813,13.4883125,16.4883125,21c1f938e5d2b04b
single_center:13710:0,13710,single_center,0,3.0,216022,264022,13.501375,16.501375,21c1f938e5d2b04b
single_center:13711:0,13711,single_center,0,3.0,215813,263813,13.4883125,16.4883125,21c1f938e5d2b04b
single_center:14601:0,14601,single_center,0,3.0,216022,264022,13.501375,16.501375,21c1f938e5d2b04b
single_center:14602:0,14602,single_center,0,3.0,215813,263813,13.4883125,16.4883125,21c1f938e5d2b04b
single_center:14603:0,14603,single_center,0,3.0,215813,263813,13.4883125,16.4883125,21c1f938e5d2b04b
single_center:14604:0,14604,single_center,0,3.0,215813,263813,13.4883125,16.4883125,21c1f938e5d2b04b
single_center:14653:0,14653,single_center,0,3.0,215813,263813,13.4883125,16.4883125,21c1f938e5d2b04b
single_center:14663:0,14663,single_center,0,3.0,215813,263813,13.4883125,16.4883125,21c1f938e5d2b04b
single_center:14690:0,14690,single_center,0,3.0,216022,264022,13.501375,16.501375,21c1f938e5d2b04b
single_center:14733:0,14733,single_center,0,3.0,216022,264022,13.501375,16.501375,21c1f938e5d2b04b
single_center:14734:0,14734,single_center,0,3.0,216022,264022,13.501375,16.501375,21c1f938e5d2b04b
single_center:14735:0,14735,single_center,0,3.0,216022,264022,13.501375,16.501375,21c1f938e5d2b04b
single_center:14736:0,14736,single_center,0,3.0,216022,264022,13.501375,16.501375,21c1f938e5d2b04b
single_center:14737:0,14737,single_center,0,3.0,215813,263813,13.4883125,16.4883125,21c1f938e5d2b04b
single_center:14738:0,14738,single_center,0,3.0,215813,263813,13.4883125,16.4883125,21c1f938e5d2b04b
single_center:14739:0,14739,single_center,0,3.0,216022,264022,13.501375,16.501375,21c1f938e5d2b04b
single_center:14740:0,14740,single_center,0,3.0,216022,264022,13.501375,16.501375,21c1f938e5d2b04b
single_center:14741:0,14741,single_center,0,3.0,216022,264022,13.501375,16.501375,21c1f938e5d2b04b
single_center:14742:0,14742,single_center,0,3.0,215813,263813,13.4883125,16.4883125,21c1f938e5d2b04b
single_center:14743:0,14743,single_center,0,3.0,215813,263813,13.4883125,16.4883125,21c1f938e5d2b04b
single_center:14744:0,14744,single_center,0,3.0,216022,264022,13.501375,16.501375,21c1f938e5d2b04b
single_center:14745:0,14745,single_center,0,3.0,215813,263813,13.4883125,16.4883125,21c1f938e5d2b04b
single_center:15094:0,15094,single_center,0,3.0,215912,263912,13.4945,16.4945,21c1f938e5d2b04b
single_center:16337:0,16337,single_center,0,3.0,215813,263813,13.4883125,16.4883125,21c1f938e5d2b04b
single_center:16338:0,16338,single_center,0,3.0,216022,264022,13.501375,16.501375,21c1f938e5d2b04b
single_center:16339:0,16339,single_center,0,3.0,215813,263813,13.4883125,16.4883125,21c1f938e5d2b04b
single_center:16340:0,16340,single_center,0,3.0,216022,264022,13.501375,16.501375,21c1f938e5d2b04b
single_center:16994:0,16994,single_center,0,3.0,215813,263813,13.4883125,16.4883125,21c1f938e5d2b04b
single_center:16995:0,16995,single_center,0,3.0,215813,263813,13.4883125,16.4883125,21c1f938e5d2b04b
single_center:16997:0,16997,single_center,0,3.0,215813,263813,13.4883125,16.4883125,21c1f938e5d2b04b
single_center:18112:0,18112,single_center,0,3.0,215813,263813,13.4883125,16.4883125,21c1f938e5d2b04b
single_center:18350:0,18350,single_center,0,3.0,215813,263813,13.4883125,16.4883125,21c1f938e5d2b04b
single_center:19439:0,19439,single_center,0,3.0,215813,263813,13.4883125,16.4883125,21c1f938e5d2b04b
single_center:19685:0,19685,single_center,0,3.0,215813,263813,13.4883125,16.4883125,21c1f938e5d2b04b
single_center:20296:0,20296,single_center,0,3.0,215813,263813,13.4883125,16.4883125,21c1f938e5d2b04b
single_center:20667:0,20667,single_center,0,3.0,215813,263813,13.4883125,16.4883125,21c1f938e5d2b04b
single_center:21995:0,21995,single_center,0,3.0,215813,263813,13.4883125,16.4883125,21c1f938e5d2b04b
single_center:21996:0,21996,single_center,0,3.0,215813,263813,13.4883125,16.4883125,21c1f938e5d2b04b
single_center:21997:0,21997,single_center,0,3.0,215813,263813,13.4883125,16.4883125,21c1f938e5d2b04b
single_center:21998:0,21998,single_center,0,3.0,216022,264022,13.501375,16.501375,21c1f938e5d2b04b
single_center:21999:0,21999,single_center,0,3.0,215813,263813,13.4883125,16.4883125,21c1f938e5d2b04b
single_center:22000:0,22000,single_center,0,3.0,215813,263813,13.4883125,16.4883125,21c1f938e5d2b04b
single_center:22001:0,22001,single_center,0,3.0,216022,264022,13.501375,16.501375,21c1f938e5d2b04b
single_center:23010:0,23010,single_center,0,3.0,215813,263813,13.4883125,16.4883125,21c1f938e5d2b04b
single_center:23041:0,23041,single_center,0,3.0,216022,264022,13.501375,16.501375,21c1f938e5d2b04b
single_center:23063:0,23063,single_center,0,3.0,216022,264022,13.501375,16.501375,21c1f938e5d2b04b
single_center:23862:0,23862,single_center,0,3.0,216022,264022,13.501375,16.501375,21c1f938e5d2b04b
single_center:25055:0,25055,single_center,0,3.0,216022,264022,13.501375,16.501375,21c1f938e5d2b04b
single_center:26859:0,26859,single_center,0,3.0,216022,264022,13.501375,16.501375,21c1f938e5d2b04b
single_center:26861:0,26861,single_center,0,3.0,216022,264022,13.501375,16.501375,21c1f938e5d2b04b
single_center:26902:0,26902,single_center,0,3.0,215813,263813,13.4883125,16.4883125,21c1f938e5d2b04b
single_center:26904:0,26904,single_center,0,3.0,216022,264022,13.501375,16.501375,21c1f938e5d2b04b
single_center:26905:0,26905,single_center,0,3.0,215813,263813,13.4883125,16.4883125,21c1f938e5d2b04b
single_center:26906:0,26906,single_center,0,3.0,215813,263813,13.4883125,16.4883125,21c1f938e5d2b04b
single_center:28070:0,28070,single_center,0,3.0,215813,263813,13.4883125,16.4883125,21c1f938e5d2b04b
single_center:28072:0,28072,single_center,0,3.0,216022,264022,13.501375,16.501375,21c1f938e5d2b04b
single_center:28179:0,28179,single_center,0,3.0,216022,264022,13.501375,16.501375,21c1f938e5d2b04b
single_center:28266:0,28266,single_center,0,3.0,215813,263813,13.4883125,16.4883125,21c1f938e5d2b04b
single_center:28692:0,28692,single_center,0,3.0,216022,264022,13.501375,16.501375,21c1f938e5d2b04b
single_center:28802:0,28802,single_center,0,3.0,216022,264022,13.501375,16.501375,21c1f938e5d2b04b
single_center:29351:0,29351,single_center,0,3.0,215926,263926,13.495375,16.495375,21c1f938e5d2b04b
single_center:30316:0,30316,single_center,0,3.0,216022,264022,13.501375,16.501375,21c1f938e5d2b04b
single_center:32435:0,32435,single_center,0,3.0,215813,263813,13.4883125,16.4883125,21c1f938e5d2b04b
single_center:33992:0,33992,single_center,0,3.0,216022,264022,13.501375,16.501375,21c1f938e5d2b04b
single_center:35182:0,35182,single_center,0,3.0,215813,263813,13.4883125,16.4883125,21c1f938e5d2b04b
single_center:35184:0,35184,single_center,0,3.0,215813,263813,13.4883125,16.4883125,21c1f938e5d2b04b
single_center:35198:0,35198,single_center,0,3.0,216022,264022,13.501375,16.501375,21c1f938e5d2b04b
single_center:35199:0,35199,single_center,0,3.0,216022,264022,13.501375,16.501375,21c1f938e5d2b04b
single_center:35204:0,35204,single_center,0,3.0,215813,263813,13.4883125,16.4883125,21c1f938e5d2b04b
single_center:35544:0,35544,single_center,0,3.0,215813,263813,13.4883125,16.4883125,21c1f938e5d2b04b
single_center:35545:0,35545,single_center,0,3.0,216022,264022,13.501375,16.501375,21c1f938e5d2b04b
single_center:35549:0,35549,single_center,0,3.0,216022,264022,13.501375,16.501375,21c1f938e5d2b04b
single_center:35550:0,35550,single_center,0,3.0,215813,263813,13.4883125,16.4883125,21c1f938e5d2b04b
single_center:35569:0,35569,single_center,0,3.0,216022,264022,13.501375,16.501375,21c1f938e5d2b04b
single_center:35608:0,35608,single_center,0,3.0,216022,264022,13.501375,16.501375,21c1f938e5d2b04b
single_center:36096:0,36096,single_center,0,3.0,216022,264022,13.501375,16.501375,21c1f938e5d2b04b
single_center:36097:0,36097,single_center,0,3.0,215813,263813,13.4883125,16.4883125,21c1f938e5d2b04b
single_center:36099:0,36099,single_center,0,3.0,215813,263813,13.4883125,16.4883125,21c1f938e5d2b04b
single_center:36302:0,36302,single_center,0,3.0,215813,263813,13.4883125,16.4883125,21c1f938e5d2b04b
single_center:36799:0,36799,single_center,0,3.0,216022,264022,13.501375,16.501375,21c1f938e5d2b04b
single_center:36959:0,36959,single_center,0,3.0,215813,263813,13.4883125,16.4883125,21c1f938e5d2b04b
single_center:36961:0,36961,single_center,0,3.0,215813,263813,13.4883125,16.4883125,21c1f938e5d2b04b
single_center:36965:0,36965,single_center,0,3.0,216022,264022,13.501375,16.501375,21c1f938e5d2b04b
single_center:36966:0,36966,single_center,0,3.0,215813,263813,13.4883125,16.4883125,21c1f938e5d2b04b
single_center:36998:0,36998,single_center,0,3.0,216022,264022,13.501375,16.501375,21c1f938e5d2b04b
single_center:38775:0,38775,single_center,0,3.0,215813,263813,13.4883125,16.4883125,21c1f938e5d2b04b
single_center:38776:0,38776,single_center,0,3.0,216022,264022,13.501375,16.501375,21c1f938e5d2b04b
single_center:38777:0,38777,single_center,0,3.0,216022,264022,13.501375,16.501375,21c1f938e5d2b04b
single_center:38778:0,38778,single_center,0,3.0,216022,264022,13.501375,16.501375,21c1f938e5d2b04b
single_center:38779:0,38779,single_center,0,3.0,215813,263813,13.4883125,16.4883125,21c1f938e5d2b04b
single_center:38780:0,38780,single_center,0,3.0,216022,264022,13.501375,16.501375,21c1f938e5d2b04b
single_center:38781:0,38781,single_center,0,3.0,216022,264022,13.501375,16.501375,21c1f938e5d2b04b
single_center:38782:0,38782,single_center,0,3.0,215813,263813,13.4883125,16.4883125,21c1f938e5d2b04b
single_center:38783:0,38783,single_center,0,3.0,216022,264022,13.501375,16.501375,21c1f938e5d2b04b
single_center:38784:0,38784,single_center,0,3.0,215813,263813,13.4883125,16.4883125,21c1f938e5d2b04b
single_center:38785:0,38785,single_center,0,3.0,216022,264022,13.501375,16.501375,21c1f938e5d2b04b
single_center:38817:0,38817,single_center,0,3.0,216022,264022,13.501375,16.501375,21c1f938e5d2b04b
single_center:38818:0,38818,single_center,0,3.0,216022,264022,13.501375,16.501375,21c1f938e5d2b04b
single_center:38819:0,38819,single_center,0,3.0,216022,264022,13.501375,16.501375,21c1f938e5d2b04b
single_center:38820:0,38820,single_center,0,3.0,216022,264022,13.501375,16.501375,21c1f938e5d2b04b
single_center:38821:0,38821,single_center,0,3.0,215813,263813,13.4883125,16.4883125,21c1f938e5d2b04b
single_center:38822:0,38822,single_center,0,3.0,216022,264022,13.501375,16.501375,21c1f938e5d2b04b
single_center:38823:0,38823,single_center,0,3.0,215813,263813,13.4883125,16.4883125,21c1f938e5d2b04b
single_center:38824:0,38824,single_center,0,3.0,216022,264022,13.501375,16.501375,21c1f938e5d2b04b
single_center:38825:0,38825,single_center,0,3.0,215813,263813,13.4883125,16.4883125,21c1f938e5d2b04b
single_center:38826:0,38826,single_center,0,3.0,215813,263813,13.4883125,16.4883125,21c1f938e5d2b04b
single_center:38827:0,38827,single_center,0,3.0,216022,264022,13.501375,16.501375,21c1f938e5d2b04b
single_center:38828:0,38828,single_center,0,3.0,215813,263813,13.4883125,16.4883125,21c1f938e5d2b04b
single_center:38829:0,38829,single_center,0,3.0,215813,263813,13.4883125,16.4883125,21c1f938e5d2b04b
single_center:38830:0,38830,single_center,0,3.0,216022,264022,13.501375,16.501375,21c1f938e5d2b04b
single_center:38833:0,38833,single_center,0,3.0,216022,264022,13.501375,16.501375,21c1f938e5d2b04b
single_center:38834:0,38834,single_center,0,3.0,216022,264022,13.501375,16.501375,21c1f938e5d2b04b
single_center:39316:0,39316,single_center,0,3.0,216022,264022,13.501375,16.501375,21c1f938e5d2b04b
single_center:39317:0,39317,single_center,0,3.0,215813,263813,13.4883125,16.4883125,21c1f938e5d2b04b
single_center:39318:0,39318,single_center,0,3.0,216022,264022,13.501375,16.501375,21c1f938e5d2b04b
single_center:39605:0,39605,single_center,0,3.0,215813,263813,13.4883125,16.4883125,21c1f938e5d2b04b
single_center:39607:0,39607,single_center,0,3.0,215813,263813,13.4883125,16.4883125,21c1f938e5d2b04b
single_center:40229:0,40229,single_center,0,3.0,216022,264022,13.501375,16.501375,21c1f938e5d2b04b
single_center:40230:0,40230,single_center,0,3.0,215813,263813,13.4883125,16.4883125,21c1f938e5d2b04b
single_center:40231:0,40231,single_center,0,3.0,215813,263813,13.4883125,16.4883125,21c1f938e5d2b04b
single_center:40232:0,40232,single_center,0,3.0,215813,263813,13.4883125,16.4883125,21c1f938e5d2b04b
single_center:40233:0,40233,single_center,0,3.0,216022,264022,13.501375,16.501375,21c1f938e5d2b04b
single_center:40234:0,40234,single_center,0,3.0,216022,264022,13.501375,16.501375,21c1f938e5d2b04b
single_center:40235:0,40235,single_center,0,3.0,216022,264022,13.501375,16.501375,21c1f938e5d2b04b
single_center:40236:0,40236,single_center,0,3.0,216022,264022,13.501375,16.501375,21c1f938e5d2b04b
single_center:40237:0,40237,single_center,0,3.0,216022,264022,13.501375,16.501375,21c1f938e5d2b04b
single_center:40238:0,40238,single_center,0,3.0,216022,264022,13.501375,16.501375,21c1f938e5d2b04b
single_center:40239:0,40239,single_center,0,3.0,215813,263813,13.4883125,16.4883125,21c1f938e5d2b04b
single_center:40240:0,40240,single_center,0,3.0,215813,263813,13.4883125,16.4883125,21c1f938e5d2b04b
single_center:40241:0,40241,single_center,0,3.0,216022,264022,13.501375,16.501375,21c1f938e5d2b04b
single_center:40242:0,40242,single_center,0,3.0,215813,263813,13.4883125,16.4883125,21c1f938e5d2b04b
single_center:40243:0,40243,single_center,0,3.0,215813,263813,13.4883125,16.4883125,21c1f938e5d2b04b
single_center:40244:0,40244,single_center,0,3.0,216022,264022,13.501375,16.501375,21c1f938e5d2b04b
single_center:40245:0,40245,single_center,0,3.0,215813,263813,13.4883125,16.4883125,21c1f938e5d2b04b
single_center:40844:0,40844,single_center,0,3.0,216022,264022,13.501375,16.501375,21c1f938e5d2b04b
single_center:40845:0,40845,single_center,0,3.0,215813,263813,13.4883125,16.4883125,21c1f938e5d2b04b
single_center:41019:0,41019,single_center,0,3.0,215813,263813,13.4883125,16.4883125,21c1f938e5d2b04b
single_center:41310:0,41310,single_center,0,3.0,216022,264022,13.501375,16.501375,21c1f938e5d2b04b
single_center:42018:0,42018,single_center,0,3.0,215813,263813,13.4883125,16.4883125,21c1f938e5d2b04b
single_center:42040:0,42040,single_center,0,3.0,215813,263813,13.4883125,16.4883125,21c1f938e5d2b04b
single_center:42129:0,42129,single_center,0,3.0,215813,263813,13.4883125,16.4883125,21c1f938e5d2b04b
single_center:42135:0,42135,single_center,0,3.0,215813,263813,13.4883125,16.4883125,21c1f938e5d2b04b
single_center:42138:0,42138,single_center,0,3.0,215813,263813,13.4883125,16.4883125,21c1f938e5d2b04b
single_center:42139:0,42139,single_center,0,3.0,215813,263813,13.4883125,16.4883125,21c1f938e5d2b04b
single_center:42141:0,42141,single_center,0,3.0,215813,263813,13.4883125,16.4883125,21c1f938e5d2b04b
single_center:42146:0,42146,single_center,0,3.0,216022,264022,13.501375,16.501375,21c1f938e5d2b04b
single_center:42372:0,42372,single_center,0,3.0,216022,264022,13.501375,16.501375,21c1f938e5d2b04b
single_center:42373:0,42373,single_center,0,3.0,216022,264022,13.501375,16.501375,21c1f938e5d2b04b
single_center:42374:0,42374,single_center,0,3.0,215813,263813,13.4883125,16.4883125,21c1f938e5d2b04b
single_center:42375:0,42375,single_center,0,3.0,216022,264022,13.501375,16.501375,21c1f938e5d2b04b
single_center:42376:0,42376,single_center,0,3.0,215813,263813,13.4883125,16.4883125,21c1f938e5d2b04b
single_center:42377:0,42377,single_center,0,3.0,215813,263813,13.4883125,16.4883125,21c1f938e5d2b04b
single_center:42463:0,42463,single_center,0,3.0,215813,263813,13.4883125,16.4883125,21c1f938e5d2b04b
single_center:43516:0,43516,single_center,0,3.0,215813,263813,13.4883125,16.4883125,21c1f938e5d2b04b
single_center:43517:0,43517,single_center,0,3.0,215813,263813,13.4883125,16.4883125,21c1f938e5d2b04b
single_center:43518:0,43518,single_center,0,3.0,215813,263813,13.4883125,16.4883125,21c1f938e5d2b04b
single_center:43519:0,43519,single_center,0,3.0,215813,263813,13.4883125,16.4883125,21c1f938e5d2b04b
single_center:43520:0,43520,single_center,0,3.0,216022,264022,13.501375,16.501375,21c1f938e5d2b04b
single_center:43521:0,43521,single_center,0,3.0,215813,263813,13.4883125,16.4883125,21c1f938e5d2b04b
single_center:43765:0,43765,single_center,0,3.0,215813,263813,13.4883125,16.4883125,21c1f938e5d2b04b
single_center:43766:0,43766,single_center,0,3.0,216022,264022,13.501375,16.501375,21c1f938e5d2b04b
single_center:43767:0,43767,single_center,0,3.0,216022,264022,13.501375,16.501375,21c1f938e5d2b04b
single_center:43768:0,43768,single_center,0,3.0,215813,263813,13.4883125,16.4883125,21c1f938e5d2b04b
single_center:43859:0,43859,single_center,0,3.0,215813,263813,13.4883125,16.4883125,21c1f938e5d2b04b
single_center:44777:0,44777,single_center,0,3.0,215813,263813,13.4883125,16.4883125,21c1f938e5d2b04b
single_center:44800:0,44800,single_center,0,3.0,215813,263813,13.4883125,16.4883125,21c1f938e5d2b04b
single_center:45149:0,45149,single_center,0,3.0,216022,264022,13.501375,16.501375,21c1f938e5d2b04b
single_center:45152:0,45152,single_center,0,3.0,216022,264022,13.501375,16.501375,21c1f938e5d2b04b
single_center:45934:0,45934,single_center,0,3.0,216022,264022,13.501375,16.501375,21c1f938e5d2b04b
single_center:46717:0,46717,single_center,0,3.0,215813,263813,13.4883125,16.4883125,21c1f938e5d2b04b
single_center:46718:0,46718,single_center,0,3.0,215813,263813,13.4883125,16.4883125,21c1f938e5d2b04b
single_center:46720:0,46720,single_center,0,3.0,216022,264022,13.501375,16.501375,21c1f938e5d2b04b
single_center:47471:0,47471,single_center,0,3.0,216022,264022,13.501375,16.501375,21c1f938e5d2b04b
single_center:47526:0,47526,single_center,0,3.0,216022,264022,13.501375,16.501375,21c1f938e5d2b04b
single_center:47628:0,47628,single_center,0,3.0,216022,264022,13.501375,16.501375,21c1f938e5d2b04b
single_center:48293:0,48293,single_center,0,3.0,215813,263813,13.4883125,16.4883125,21c1f938e5d2b04b
single_center:48990:0,48990,single_center,0,3.0,216022,264022,13.501375,16.501375,21c1f938e5d2b04b
single_center:48999:0,48999,single_center,0,3.0,215813,263813,13.4883125,16.4883125,21c1f938e5d2b04b
single_center:49477:0,49477,single_center,0,3.0,216022,264022,13.501375,16.501375,21c1f938e5d2b04b
single_center:50752:0,50752,single_center,0,3.0,215813,263813,13.4883125,16.4883125,21c1f938e5d2b04b
single_center:50753:0,50753,single_center,0,3.0,216022,264022,13.501375,16.501375,21c1f938e5d2b04b
single_center:50754:0,50754,single_center,0,3.0,216022,264022,13.501375,16.501375,21c1f938e5d2b04b
single_center:51260:0,51260,single_center,0,3.0,216022,264022,13.501375,16.501375,21c1f938e5d2b04b
single_center:51272:0,51272,single_center,0,3.0,215813,263813,13.4883125,16.4883125,21c1f938e5d2b04b
single_center:51301:0,51301,single_center,0,3.0,216022,264022,13.501375,16.501375,21c1f938e5d2b04b
single_center:51305:0,51305,single_center,0,3.0,216022,264022,13.501375,16.501375,21c1f938e5d2b04b
single_center:53228:0,53228,single_center,0,3.0,216022,264022,13.501375,16.501375,21c1f938e5d2b04b
single_center:53229:0,53229,single_center,0,3.0,215813,263813,13.4883125,16.4883125,21c1f938e5d2b04b
single_center:53586:0,53586,single_center,0,3.0,215813,263813,13.4883125,16.4883125,21c1f938e5d2b04b
single_center:53587:0,53587,single_center,0,3.0,215813,263813,13.4883125,16.4883125,21c1f938e5d2b04b
single_center:53588:0,53588,single_center,0,3.0,215813,263813,13.4883125,16.4883125,21c1f938e5d2b04b
single_center:53589:0,53589,single_center,0,3.0,215813,263813,13.4883125,16.4883125,21c1f938e5d2b04b
single_center:54703:0,54703,single_center,0,3.0,215813,263813,13.4883125,16.4883125,21c1f938e5d2b04b
single_center:56523:0,56523,single_center,0,3.0,215813,263813,13.4883125,16.4883125,21c1f938e5d2b04b
single_center:56895:0,56895,single_center,0,3.0,216022,264022,13.501375,16.501375,21c1f938e5d2b04b
single_center:56929:0,56929,single_center,0,3.0,215813,263813,13.4883125,16.4883125,21c1f938e5d2b04b
single_center:57271:0,57271,single_center,0,3.0,216022,264022,13.501375,16.501375,21c1f938e5d2b04b
single_center:57272:0,57272,single_center,0,3.0,215813,263813,13.4883125,16.4883125,21c1f938e5d2b04b
single_center:57273:0,57273,single_center,0,3.0,215813,263813,13.4883125,16.4883125,21c1f938e5d2b04b
single_center:57274:0,57274,single_center,0,3.0,216022,264022,13.501375,16.501375,21c1f938e5d2b04b
single_center:57540:0,57540,single_center,0,3.0,216022,264022,13.501375,16.501375,21c1f938e5d2b04b
single_center:59562:0,59562,single_center,0,3.0,215813,263813,13.4883125,16.4883125,21c1f938e5d2b04b
single_center:59581:0,59581,single_center,0,3.0,216022,264022,13.501375,16.501375,21c1f938e5d2b04b
single_center:59695:0,59695,single_center,0,3.0,216022,264022,13.501375,16.501375,21c1f938e5d2b04b
single_center:60476:0,60476,single_center,0,3.0,216022,264022,13.501375,16.501375,21c1f938e5d2b04b
single_center:60533:0,60533,single_center,0,3.0,216022,264022,13.501375,16.501375,21c1f938e5d2b04b
single_center:60534:0,60534,single_center,0,3.0,215813,263813,13.4883125,16.4883125,21c1f938e5d2b04b
single_center:60535:0,60535,single_center,0,3.0,215813,263813,13.4883125,16.4883125,21c1f938e5d2b04b
single_center:60536:0,60536,single_center,0,3.0,215813,263813,13.4883125,16.4883125,21c1f938e5d2b04b
single_center:60537:0,60537,single_center,0,3.0,215813,263813,13.4883125,16.4883125,21c1f938e5d2b04b
single_center:60871:0,60871,single_center,0,3.0,215813,263813,13.4883125,16.4883125,21c1f938e5d2b04b
single_center:60872:0,60872,single_center,0,3.0,215813,263813,13.4883125,16.4883125,21c1f938e5d2b04b
single_center:60873:0,60873,single_center,0,3.0,215813,263813,13.4883125,16.4883125,21c1f938e5d2b04b
single_center:60874:0,60874,single_center,0,3.0,216022,264022,13.501375,16.501375,21c1f938e5d2b04b
single_center:60875:0,60875,single_center,0,3.0,215813,263813,13.4883125,16.4883125,21c1f938e5d2b04b
single_center:61820:0,61820,single_center,0,3.0,215813,263813,13.4883125,16.4883125,21c1f938e5d2b04b
single_center:61821:0,61821,single_center,0,3.0,216022,264022,13.501375,16.501375,21c1f938e5d2b04b
single_center:63064:0,63064,single_center,0,3.0,215813,263813,13.4883125,16.4883125,21c1f938e5d2b04b
single_center:63065:0,63065,single_center,0,3.0,216022,264022,13.501375,16.501375,21c1f938e5d2b04b
single_center:63149:0,63149,single_center,0,3.0,215813,263813,13.4883125,16.4883125,21c1f938e5d2b04b
single_center:63159:0,63159,single_center,0,3.0,216022,264022,13.501375,16.501375,21c1f938e5d2b04b
single_center:63161:0,63161,single_center,0,3.0,216022,264022,13.501375,16.501375,21c1f938e5d2b04b
single_center:63250:0,63250,single_center,0,3.0,216022,264022,13.501375,16.501375,21c1f938e5d2b04b
single_center:63251:0,63251,single_center,0,3.0,215813,263813,13.4883125,16.4883125,21c1f938e5d2b04b
single_center:63252:0,63252,single_center,0,3.0,215813,263813,13.4883125,16.4883125,21c1f938e5d2b04b
single_center:63253:0,63253,single_center,0,3.0,215813,263813,13.4883125,16.4883125,21c1f938e5d2b04b
single_center:63255:0,63255,single_center,0,3.0,216022,264022,13.501375,16.501375,21c1f938e5d2b04b
single_center:63257:0,63257,single_center,0,3.0,216022,264022,13.501375,16.501375,21c1f938e5d2b04b
single_center:63258:0,63258,single_center,0,3.0,215813,263813,13.4883125,16.4883125,21c1f938e5d2b04b
single_center:63456:0,63456,single_center,0,3.0,216022,264022,13.501375,16.501375,21c1f938e5d2b04b
single_center:63457:0,63457,single_center,0,3.0,215813,263813,13.4883125,16.4883125,21c1f938e5d2b04b
single_center:64618:0,64618,single_center,0,3.0,215813,263813,13.4883125,16.4883125,21c1f938e5d2b04b
single_center:65265:0,65265,single_center,0,3.0,216022,264022,13.501375,16.501375,21c1f938e5d2b04b
single_center:65777:0,65777,single_center,0,3.0,215813,263813,13.4883125,16.4883125,21c1f938e5d2b04b
single_center:65779:0,65779,single_center,0,3.0,215813,263813,13.4883125,16.4883125,21c1f938e5d2b04b
single_center:65780:0,65780,single_center,0,3.0,215813,263813,13.4883125,16.4883125,21c1f938e5d2b04b
single_center:66534:0,66534,single_center,0,3.0,216022,264022,13.501375,16.501375,21c1f938e5d2b04b
single_center:66535:0,66535,single_center,0,3.0,216022,264022,13.501375,16.501375,21c1f938e5d2b04b
single_center:66536:0,66536,single_center,0,3.0,216022,264022,13.501375,16.501375,21c1f938e5d2b04b
single_center:66537:0,66537,single_center,0,3.0,216022,264022,13.501375,16.501375,21c1f938e5d2b04b
single_center:66538:0,66538,single_center,0,3.0,215813,263813,13.4883125,16.4883125,21c1f938e5d2b04b
single_center:66539:0,66539,single_center,0,3.0,216022,264022,13.501375,16.501375,21c1f938e5d2b04b
single_center:66717:0,66717,single_center,0,3.0,215813,263813,13.4883125,16.4883125,21c1f938e5d2b04b
single_center:67330:0,67330,single_center,0,3.0,216022,264022,13.501375,16.501375,21c1f938e5d2b04b
single_center:67331:0,67331,single_center,0,3.0,215813,263813,13.4883125,16.4883125,21c1f938e5d2b04b
single_center:67332:0,67332,single_center,0,3.0,216022,264022,13.501375,16.501375,21c1f938e5d2b04b
single_center:67333:0,67333,single_center,0,3.0,215813,263813,13.4883125,16.4883125,21c1f938e5d2b04b
single_center:67334:0,67334,single_center,0,3.0,216022,264022,13.501375,16.501375,21c1f938e5d2b04b
single_center:67336:0,67336,single_center,0,3.0,216022,264022,13.501375,16.501375,21c1f938e5d2b04b
single_center:67365:0,67365,single_center,0,3.0,216022,264022,13.501375,16.501375,21c1f938e5d2b04b
single_center:67457:0,67457,single_center,0,3.0,215813,263813,13.4883125,16.4883125,21c1f938e5d2b04b
single_center:68404:0,68404,single_center,0,3.0,215813,263813,13.4883125,16.4883125,21c1f938e5d2b04b
single_center:68536:0,68536,single_center,0,3.0,216022,264022,13.501375,16.501375,21c1f938e5d2b04b
single_center:68537:0,68537,single_center,0,3.0,215813,263813,13.4883125,16.4883125,21c1f938e5d2b04b
single_center:68551:0,68551,single_center,0,3.0,216022,264022,13.501375,16.501375,21c1f938e5d2b04b
single_center:68582:0,68582,single_center,0,3.0,216022,264022,13.501375,16.501375,21c1f938e5d2b04b
single_center:68587:0,68587,single_center,0,3.0,216022,264022,13.501375,16.501375,21c1f938e5d2b04b
single_center:68891:0,68891,single_center,0,3.0,215813,263813,13.4883125,16.4883125,21c1f938e5d2b04b
single_center:68892:0,68892,single_center,0,3.0,215813,263813,13.4883125,16.4883125,21c1f938e5d2b04b
single_center:68893:0,68893,single_center,0,3.0,216022,264022,13.501375,16.501375,21c1f938e5d2b04b
single_center:68894:0,68894,single_center,0,3.0,215813,263813,13.4883125,16.4883125,21c1f938e5d2b04b
single_center:68895:0,68895,single_center,0,3.0,215813,263813,13.4883125,16.4883125,21c1f938e5d2b04b
single_center:68896:0,68896,single_center,0,3.0,215813,263813,13.4883125,16.4883125,21c1f938e5d2b04b
single_center:68897:0,68897,single_center,0,3.0,216022,264022,13.501375,16.501375,21c1f938e5d2b04b
single_center:68898:0,68898,single_center,0,3.0,215813,263813,13.4883125,16.4883125,21c1f938e5d2b04b
single_center:68899:0,68899,single_center,0,3.0,215813,263813,13.4883125,16.4883125,21c1f938e5d2b04b
single_center:69221:0,69221,single_center,0,3.0,215813,263813,13.4883125,16.4883125,21c1f938e5d2b04b
single_center:69222:0,69222,single_center,0,3.0,215813,263813,13.4883125,16.4883125,21c1f938e5d2b04b
single_center:69223:0,69223,single_center,0,3.0,215813,263813,13.4883125,16.4883125,21c1f938e5d2b04b
single_center:69303:0,69303,single_center,0,3.0,215813,263813,13.4883125,16.4883125,21c1f938e5d2b04b
single_center:71371:0,71371,single_center,0,3.0,215813,263813,13.4883125,16.4883125,21c1f938e5d2b04b
single_center:71372:0,71372,single_center,0,3.0,215813,263813,13.4883125,16.4883125,21c1f938e5d2b04b
single_center:71420:0,71420,single_center,0,3.0,216022,264022,13.501375,16.501375,21c1f938e5d2b04b
single_center:71503:0,71503,single_center,0,3.0,216022,264022,13.501375,16.501375,21c1f938e5d2b04b
single_center:71711:0,71711,single_center,0,3.0,215813,263813,13.4883125,16.4883125,21c1f938e5d2b04b
single_center:73494:0,73494,single_center,0,3.0,215813,263813,13.4883125,16.4883125,21c1f938e5d2b04b
single_center:73519:0,73519,single_center,0,3.0,216022,264022,13.501375,16.501375,21c1f938e5d2b04b
single_center:73520:0,73520,single_center,0,3.0,215813,263813,13.4883125,16.4883125,21c1f938e5d2b04b
single_center:73521:0,73521,single_center,0,3.0,215813,263813,13.4883125,16.4883125,21c1f938e5d2b04b
single_center:73522:0,73522,single_center,0,3.0,215813,263813,13.4883125,16.4883125,21c1f938e5d2b04b
single_center:73776:0,73776,single_center,0,3.0,216022,264022,13.501375,16.501375,21c1f938e5d2b04b
single_center:73777:0,73777,single_center,0,3.0,215813,263813,13.4883125,16.4883125,21c1f938e5d2b04b
single_center:73779:0,73779,single_center,0,3.0,215813,263813,13.4883125,16.4883125,21c1f938e5d2b04b
single_center:74002:0,74002,single_center,0,3.0,216022,264022,13.501375,16.501375,21c1f938e5d2b04b
single_center:74374:0,74374,single_center,0,3.0,216022,264022,13.501375,16.501375,21c1f938e5d2b04b
single_center:74393:0,74393,single_center,0,3.0,215813,263813,13.4883125,16.4883125,21c1f938e5d2b04b
single_center:76128:0,76128,single_center,0,3.0,215813,263813,13.4883125,16.4883125,21c1f938e5d2b04b
single_center:76129:0,76129,single_center,0,3.0,215813,263813,13.4883125,16.4883125,21c1f938e5d2b04b
single_center:76130:0,76130,single_center,0,3.0,215813,263813,13.4883125,16.4883125,21c1f938e5d2b04b
single_center:76131:0,76131,single_center,0,3.0,215813,263813,13.4883125,16.4883125,21c1f938e5d2b04b
single_center:76363:0,76363,single_center,0,3.0,215813,263813,13.4883125,16.4883125,21c1f938e5d2b04b
single_center:81071:0,81071,single_center,0,3.0,215813,263813,13.4883125,16.4883125,21c1f938e5d2b04b
single_center:82462:0,82462,single_center,0,3.0,215912,263912,13.4945,16.4945,21c1f938e5d2b04b
single_center:82464:0,82464,single_center,0,3.0,215912,263912,13.4945,16.4945,21c1f938e5d2b04b
single_center:82778:0,82778,single_center,0,3.0,216022,264022,13.501375,16.501375,21c1f938e5d2b04b
single_center:82780:0,82780,single_center,0,3.0,215813,263813,13.4883125,16.4883125,21c1f938e5d2b04b
single_center:83898:0,83898,single_center,0,3.0,215813,263813,13.4883125,16.4883125,21c1f938e5d2b04b
single_center:83906:0,83906,single_center,0,3.0,216022,264022,13.501375,16.501375,21c1f938e5d2b04b
single_center:84057:0,84057,single_center,0,3.0,215813,263813,13.4883125,16.4883125,21c1f938e5d2b04b
single_center:84091:0,84091,single_center,0,3.0,216022,264022,13.501375,16.501375,21c1f938e5d2b04b
single_center:84152:0,84152,single_center,0,3.0,215813,263813,13.4883125,16.4883125,21c1f938e5d2b04b
single_center:84736:0,84736,single_center,0,3.0,215813,263813,13.4883125,16.4883125,21c1f938e5d2b04b
single_center:84777:0,84777,single_center,0,3.0,216022,264022,13.501375,16.501375,21c1f938e5d2b04b
single_center:85307:0,85307,single_center,0,3.0,215813,263813,13.4883125,16.4883125,21c1f938e5d2b04b
single_center:85308:0,85308,single_center,0,3.0,215813,263813,13.4883125,16.4883125,21c1f938e5d2b04b
single_center:85309:0,85309,single_center,0,3.0,215813,263813,13.4883125,16.4883125,21c1f938e5d2b04b
single_center:85310:0,85310,single_center,0,3.0,215813,263813,13.4883125,16.4883125,21c1f938e5d2b04b
single_center:85311:0,85311,single_center,0,3.0,216022,264022,13.501375,16.501375,21c1f938e5d2b04b
single_center:85592:0,85592,single_center,0,3.0,215813,263813,13.4883125,16.4883125,21c1f938e5d2b04b
single_center:85593:0,85593,single_center,0,3.0,216022,264022,13.501375,16.501375,21c1f938e5d2b04b
single_center:85594:0,85594,single_center,0,3.0,216022,264022,13.501375,16.501375,21c1f938e5d2b04b
single_center:85595:0,85595,single_center,0,3.0,216022,264022,13.501375,16.501375,21c1f938e5d2b04b
single_center:85596:0,85596,single_center,0,3.0,215813,263813,13.4883125,16.4883125,21c1f938e5d2b04b
single_center:85598:0,85598,single_center,0,3.0,216022,264022,13.501375,16.501375,21c1f938e5d2b04b
single_center:85599:0,85599,single_center,0,3.0,216022,264022,13.501375,16.501375,21c1f938e5d2b04b
single_center:85600:0,85600,single_center,0,3.0,215813,263813,13.4883125,16.4883125,21c1f938e5d2b04b
single_center:86037:0,86037,single_center,0,3.0,216022,264022,13.501375,16.501375,21c1f938e5d2b04b
single_center:86038:0,86038,single_center,0,3.0,215813,263813,13.4883125,16.4883125,21c1f938e5d2b04b
single_center:86039:0,86039,single_center,0,3.0,215813,263813,13.4883125,16.4883125,21c1f938e5d2b04b
single_center:86040:0,86040,single_center,0,3.0,215813,263813,13.4883125,16.4883125,21c1f938e5d2b04b
single_center:86116:0,86116,single_center,0,3.0,216022,264022,13.501375,16.501375,21c1f938e5d2b04b
single_center:86117:0,86117,single_center,0,3.0,215813,263813,13.4883125,16.4883125,21c1f938e5d2b04b
single_center:86118:0,86118,single_center,0,3.0,216022,264022,13.501375,16.501375,21c1f938e5d2b04b
single_center:86119:0,86119,single_center,0,3.0,216022,264022,13.501375,16.501375,21c1f938e5d2b04b
single_center:86256:0,86256,single_center,0,3.0,215813,263813,13.4883125,16.4883125,21c1f938e5d2b04b
single_center:86415:0,86415,single_center,0,3.0,215813,263813,13.4883125,16.4883125,21c1f938e5d2b04b
single_center:86416:0,86416,single_center,0,3.0,215813,263813,13.4883125,16.4883125,21c1f938e5d2b04b
single_center:86634:0,86634,single_center,0,3.0,215813,263813,13.4883125,16.4883125,21c1f938e5d2b04b
single_center:86788:0,86788,single_center,0,3.0,215813,263813,13.4883125,16.4883125,21c1f938e5d2b04b
single_center:87069:0,87069,single_center,0,3.0,216022,264022,13.501375,16.501375,21c1f938e5d2b04b
single_center:89445:0,89445,single_center,0,3.0,215813,263813,13.4883125,16.4883125,21c1f938e5d2b04b
single_center:90526:0,90526,single_center,0,3.0,215813,263813,13.4883125,16.4883125,21c1f938e5d2b04b
single_center:90527:0,90527,single_center,0,3.0,216022,264022,13.501375,16.501375,21c1f938e5d2b04b
single_center:90529:0,90529,single_center,0,3.0,215813,263813,13.4883125,16.4883125,21c1f938e5d2b04b
single_center:90530:0,90530,single_center,0,3.0,215813,263813,13.4883125,16.4883125,21c1f938e5d2b04b
single_center:90616:0,90616,single_center,0,3.0,216022,264022,13.501375,16.501375,21c1f938e5d2b04b
single_center:90617:0,90617,single_center,0,3.0,215813,263813,13.4883125,16.4883125,21c1f938e5d2b04b
single_center:90618:0,90618,single_center,0,3.0,215813,263813,13.4883125,16.4883125,21c1f938e5d2b04b
single_center:91468:0,91468,single_center,0,3.0,215813,263813,13.4883125,16.4883125,21c1f938e5d2b04b
single_center:91471:0,91471,single_center,0,3.0,215813,263813,13.4883125,16.4883125,21c1f938e5d2b04b
single_center:92366:0,92366,single_center,0,3.0,216022,264022,13.501375,16.501375,21c1f938e5d2b04b
single_center:93518:0,93518,single_center,0,3.0,215813,263813,13.4883125,16.4883125,21c1f938e5d2b04b
single_center:93519:0,93519,single_center,0,3.0,216022,264022,13.501375,16.501375,21c1f938e5d2b04b
single_center:93520:0,93520,single_center,0,3.0,215813,263813,13.4883125,16.4883125,21c1f938e5d2b04b
single_center:93521:0,93521,single_center,0,3.0,216022,264022,13.501375,16.501375,21c1f938e5d2b04b
single_center:93522:0,93522,single_center,0,3.0,216022,264022,13.501375,16.501375,21c1f938e5d2b04b
single_center:93523:0,93523,single_center,0,3.0,216022,264022,13.501375,16.501375,21c1f938e5d2b04b
single_center:94093:0,94093,single_center,0,3.0,215813,263813,13.4883125,16.4883125,21c1f938e5d2b04b
single_center:94099:0,94099,single_center,0,3.0,216022,264022,13.501375,16.501375,21c1f938e5d2b04b
single_center:94101:0,94101,single_center,0,3.0,215813,263813,13.4883125,16.4883125,21c1f938e5d2b04b
single_center:94102:0,94102,single_center,0,3.0,216022,264022,13.501375,16.501375,21c1f938e5d2b04b
single_center:94803:0,94803,single_center,0,3.0,215813,263813,13.4883125,16.4883125,21c1f938e5d2b04b
single_center:95486:0,95486,single_center,0,3.0,216022,264022,13.501375,16.501375,21c1f938e5d2b04b
single_center:95535:0,95535,single_center,0,3.0,215813,263813,13.4883125,16.4883125,21c1f938e5d2b04b
single_center:97286:0,97286,single_center,0,3.0,216022,264022,13.501375,16.501375,21c1f938e5d2b04b
single_center:98077:0,98077,single_center,0,3.0,216022,264022,13.501375,16.501375,21c1f938e5d2b04b
single_center:98298:0,98298,single_center,0,3.0,216022,264022,13.501375,16.501375,21c1f938e5d2b04b
single_center:98299:0,98299,single_center,0,3.0,215813,263813,13.4883125,16.4883125,21c1f938e5d2b04b
single_center:98300:0,98300,single_center,0,3.0,216022,264022,13.501375,16.501375,21c1f938e5d2b04b
single_center:98301:0,98301,single_center,0,3.0,215813,263813,13.4883125,16.4883125,21c1f938e5d2b04b
single_center:98302:0,98302,single_center,0,3.0,216022,264022,13.501375,16.501375,21c1f938e5d2b04b
single_center:98346:0,98346,single_center,0,3.0,216022,264022,13.501375,16.501375,21c1f938e5d2b04b
single_center:98348:0,98348,single_center,0,3.0,215813,263813,13.4883125,16.4883125,21c1f938e5d2b04b
single_center:98349:0,98349,single_center,0,3.0,215813,263813,13.4883125,16.4883125,21c1f938e5d2b04b
single_center:99093:0,99093,single_center,0,3.0,216022,264022,13.501375,16.501375,21c1f938e5d2b04b
single_center:99095:0,99095,single_center,0,3.0,216022,264022,13.501375,16.501375,21c1f938e5d2b04b
single_center:99096:0,99096,single_center,0,3.0,215813,263813,13.4883125,16.4883125,21c1f938e5d2b04b
single_center:101951:0,101951,single_center,0,3.0,216022,264022,13.501375,16.501375,21c1f938e5d2b04b
single_center:103518:0,103518,single_center,0,3.0,215912,263912,13.4945,16.4945,21c1f938e5d2b04b
single_center:103519:0,103519,single_center,0,3.0,215912,263912,13.4945,16.4945,21c1f938e5d2b04b
single_center:103520:0,103520,single_center,0,3.0,215912,263912,13.4945,16.4945,21c1f938e5d2b04b
single_center:103521:0,103521,single_center,0,3.0,215912,263912,13.4945,16.4945,21c1f938e5d2b04b
single_center:103522:0,103522,single_center,0,3.0,215813,263813,13.4883125,16.4883125,21c1f938e5d2b04b
single_center:103523:0,103523,single_center,0,3.0,216022,264022,13.501375,16.501375,21c1f938e5d2b04b
single_center:104434:0,104434,single_center,0,3.0,216022,264022,13.501375,16.501375,21c1f938e5d2b04b
single_center:105141:0,105141,single_center,0,3.0,215813,263813,13.4883125,16.4883125,21c1f938e5d2b04b
single_center:105144:0,105144,single_center,0,3.0,215813,263813,13.4883125,16.4883125,21c1f938e5d2b04b
single_center:106629:0,106629,single_center,0,3.0,216022,264022,13.501375,16.501375,21c1f938e5d2b04b
single_center:106872:0,106872,single_center,0,3.0,215813,263813,13.4883125,16.4883125,21c1f938e5d2b04b
single_center:106876:0,106876,single_center,0,3.0,215813,263813,13.4883125,16.4883125,21c1f938e5d2b04b
single_center:106877:0,106877,single_center,0,3.0,215813,263813,13.4883125,16.4883125,21c1f938e5d2b04b
single_center:108456:0,108456,single_center,0,3.0,215813,263813,13.4883125,16.4883125,21c1f938e5d2b04b
single_center:108457:0,108457,single_center,0,3.0,216022,264022,13.501375,16.501375,21c1f938e5d2b04b
single_center:108459:0,108459,single_center,0,3.0,215813,263813,13.4883125,16.4883125,21c1f938e5d2b04b
single_center:108460:0,108460,single_center,0,3.0,215813,263813,13.4883125,16.4883125,21c1f938e5d2b04b
single_center:108461:0,108461,single_center,0,3.0,216022,264022,13.501375,16.501375,21c1f938e5d2b04b
single_center:108493:0,108493,single_center,0,3.0,215912,263912,13.4945,16.4945,21c1f938e5d2b04b
single_center:108495:0,108495,single_center,0,3.0,215912,263912,13.4945,16.4945,21c1f938e5d2b04b
single_center:108524:0,108524,single_center,0,3.0,216022,264022,13.501375,16.501375,21c1f938e5d2b04b
single_center:108525:0,108525,single_center,0,3.0,215813,263813,13.4883125,16.4883125,21c1f938e5d2b04b
single_center:108526:0,108526,single_center,0,3.0,216022,264022,13.501375,16.501375,21c1f938e5d2b04b
single_center:108527:0,108527,single_center,0,3.0,215813,263813,13.4883125,16.4883125,21c1f938e5d2b04b
single_center:108528:0,108528,single_center,0,3.0,216022,264022,13.501375,16.501375,21c1f938e5d2b04b
single_center:108529:0,108529,single_center,0,3.0,215813,263813,13.4883125,16.4883125,21c1f938e5d2b04b
single_center:108530:0,108530,single_center,0,3.0,215813,263813,13.4883125,16.4883125,21c1f938e5d2b04b
single_center:108531:0,108531,single_center,0,3.0,216022,264022,13.501375,16.501375,21c1f938e5d2b04b
single_center:108532:0,108532,single_center,0,3.0,215813,263813,13.4883125,16.4883125,21c1f938e5d2b04b
single_center:108533:0,108533,single_center,0,3.0,215813,263813,13.4883125,16.4883125,21c1f938e5d2b04b
single_center:108842:0,108842,single_center,0,3.0,216022,264022,13.501375,16.501375,21c1f938e5d2b04b
single_center:108843:0,108843,single_center,0,3.0,215813,263813,13.4883125,16.4883125,21c1f938e5d2b04b
single_center:108845:0,108845,single_center,0,3.0,216022,264022,13.501375,16.501375,21c1f938e5d2b04b
single_center:108846:0,108846,single_center,0,3.0,216022,264022,13.501375,16.501375,21c1f938e5d2b04b
single_center:108847:0,108847,single_center,0,3.0,215813,263813,13.4883125,16.4883125,21c1f938e5d2b04b
single_center:110070:0,110070,single_center,0,3.0,215813,263813,13.4883125,16.4883125,21c1f938e5d2b04b
single_center:110082:0,110082,single_center,0,3.0,216022,264022,13.501375,16.501375,21c1f938e5d2b04b
single_center:110084:0,110084,single_center,0,3.0,215813,263813,13.4883125,16.4883125,21c1f938e5d2b04b
single_center:110085:0,110085,single_center,0,3.0,216022,264022,13.501375,16.501375,21c1f938e5d2b04b
single_center:110086:0,110086,single_center,0,3.0,216022,264022,13.501375,16.501375,21c1f938e5d2b04b
single_center:110204:0,110204,single_center,0,3.0,215813,263813,13.4883125,16.4883125,21c1f938e5d2b04b
single_center:110205:0,110205,single_center,0,3.0,215813,263813,13.4883125,16.4883125,21c1f938e5d2b04b
single_center:110206:0,110206,single_center,0,3.0,215813,263813,13.4883125,16.4883125,21c1f938e5d2b04b
single_center:110207:0,110207,single_center,0,3.0,216022,264022,13.501375,16.501375,21c1f938e5d2b04b
single_center:110208:0,110208,single_center,0,3.0,215813,263813,13.4883125,16.4883125,21c1f938e5d2b04b
single_center:110209:0,110209,single_center,0,3.0,216022,264022,13.501375,16.501375,21c1f938e5d2b04b
single_center:110743:0,110743,single_center,0,3.0,216022,264022,13.501375,16.501375,21c1f938e5d2b04b
single_center:110744:0,110744,single_center,0,3.0,216022,264022,13.501375,16.501375,21c1f938e5d2b04b
single_center:110756:0,110756,single_center,0,3.0,216022,264022,13.501375,16.501375,21c1f938e5d2b04b
single_center:110764:0,110764,single_center,0,3.0,216022,264022,13.501375,16.501375,21c1f938e5d2b04b
single_center:110765:0,110765,single_center,0,3.0,215813,263813,13.4883125,16.4883125,21c1f938e5d2b04b
single_center:110768:0,110768,single_center,0,3.0,215813,263813,13.4883125,16.4883125,21c1f938e5d2b04b
single_center:110771:0,110771,single_center,0,3.0,216022,264022,13.501375,16.501375,21c1f938e5d2b04b
single_center:110772:0,110772,single_center,0,3.0,216022,264022,13.501375,16.501375,21c1f938e5d2b04b
single_center:110774:0,110774,single_center,0,3.0,216022,264022,13.501375,16.501375,21c1f938e5d2b04b
single_center:110775:0,110775,single_center,0,3.0,215813,263813,13.4883125,16.4883125,21c1f938e5d2b04b
single_center:110776:0,110776,single_center,0,3.0,215813,263813,13.4883125,16.4883125,21c1f938e5d2b04b
single_center:110777:0,110777,single_center,0,3.0,215813,263813,13.4883125,16.4883125,21c1f938e5d2b04b
single_center:110778:0,110778,single_center,0,3.0,215813,263813,13.4883125,16.4883125,21c1f938e5d2b04b
single_center:110779:0,110779,single_center,0,3.0,215813,263813,13.4883125,16.4883125,21c1f938e5d2b04b
single_center:111146:0,111146,single_center,0,3.0,216022,264022,13.501375,16.501375,21c1f938e5d2b04b
single_center:111147:0,111147,single_center,0,3.0,216022,264022,13.501375,16.501375,21c1f938e5d2b04b
single_center:111148:0,111148,single_center,0,3.0,215813,263813,13.4883125,16.4883125,21c1f938e5d2b04b
single_center:111149:0,111149,single_center,0,3.0,215813,263813,13.4883125,16.4883125,21c1f938e5d2b04b
single_center:111150:0,111150,single_center,0,3.0,215813,263813,13.4883125,16.4883125,21c1f938e5d2b04b
single_center:111151:0,111151,single_center,0,3.0,215813,263813,13.4883125,16.4883125,21c1f938e5d2b04b
single_center:111153:0,111153,single_center,0,3.0,215813,263813,13.4883125,16.4883125,21c1f938e5d2b04b
single_center:111154:0,111154,single_center,0,3.0,215813,263813,13.4883125,16.4883125,21c1f938e5d2b04b
single_center:111216:0,111216,single_center,0,3.0,215813,263813,13.4883125,16.4883125,21c1f938e5d2b04b
single_center:111934:0,111934,single_center,0,3.0,216022,264022,13.501375,16.501375,21c1f938e5d2b04b
single_center:111935:0,111935,single_center,0,3.0,215813,263813,13.4883125,16.4883125,21c1f938e5d2b04b
single_center:111936:0,111936,single_center,0,3.0,216022,264022,13.501375,16.501375,21c1f938e5d2b04b
single_center:111937:0,111937,single_center,0,3.0,215813,263813,13.4883125,16.4883125,21c1f938e5d2b04b
single_center:111938:0,111938,single_center,0,3.0,216022,264022,13.501375,16.501375,21c1f938e5d2b04b
single_center:111994:0,111994,single_center,0,3.0,216022,264022,13.501375,16.501375,21c1f938e5d2b04b
single_center:112000:0,112000,single_center,0,3.0,216022,264022,13.501375,16.501375,21c1f938e5d2b04b
single_center:112001:0,112001,single_center,0,3.0,216022,264022,13.501375,16.501375,21c1f938e5d2b04b
single_center:112468:0,112468,single_center,0,3.0,216022,264022,13.501375,16.501375,21c1f938e5d2b04b
single_center:112481:0,112481,single_center,0,3.0,215813,263813,13.4883125,16.4883125,21c1f938e5d2b04b
single_center:112483:0,112483,single_center,0,3.0,215813,263813,13.4883125,16.4883125,21c1f938e5d2b04b
single_center:112484:0,112484,single_center,0,3.0,215813,263813,13.4883125,16.4883125,21c1f938e5d2b04b
single_center:112485:0,112485,single_center,0,3.0,215813,263813,13.4883125,16.4883125,21c1f938e5d2b04b
single_center:112486:0,112486,single_center,0,3.0,216022,264022,13.501375,16.501375,21c1f938e5d2b04b
single_center:112487:0,112487,single_center,0,3.0,215813,263813,13.4883125,16.4883125,21c1f938e5d2b04b
single_center:112488:0,112488,single_center,0,3.0,216022,264022,13.501375,16.501375,21c1f938e5d2b04b
single_center:112790:0,112790,single_center,0,3.0,215813,263813,13.4883125,16.4883125,21c1f938e5d2b04b
single_center:113262:0,113262,single_center,0,3.0,216022,264022,13.501375,16.501375,21c1f938e5d2b04b
single_center:113273:0,113273,single_center,0,3.0,215813,263813,13.4883125,16.4883125,21c1f938e5d2b04b
single_center:113274:0,113274,single_center,0,3.0,215813,263813,13.4883125,16.4883125,21c1f938e5d2b04b
single_center:113275:0,113275,single_center,0,3.0,215813,263813,13.4883125,16.4883125,21c1f938e5d2b04b
single_center:113279:0,113279,single_center,0,3.0,216022,264022,13.501375,16.501375,21c1f938e5d2b04b
single_center:114212:0,114212,single_center,0,3.0,216022,264022,13.501375,16.501375,21c1f938e5d2b04b
single_center:114222:0,114222,single_center,0,3.0,216022,264022,13.501375,16.501375,21c1f938e5d2b04b
single_center:114223:0,114223,single_center,0,3.0,215813,263813,13.4883125,16.4883125,21c1f938e5d2b04b
single_center:114974:0,114974,single_center,0,3.0,215813,263813,13.4883125,16.4883125,21c1f938e5d2b04b
single_center:114976:0,114976,single_center,0,3.0,216022,264022,13.501375,16.501375,21c1f938e5d2b04b
single_center:115002:0,115002,single_center,0,3.0,215813,263813,13.4883125,16.4883125,21c1f938e5d2b04b
single_center:115011:0,115011,single_center,0,3.0,215813,263813,13.4883125,16.4883125,21c1f938e5d2b04b
single_center:115176:0,115176,single_center,0,3.0,215813,263813,13.4883125,16.4883125,21c1f938e5d2b04b
single_center:115288:0,115288,single_center,0,3.0,216022,264022,13.501375,16.501375,21c1f938e5d2b04b
single_center:115289:0,115289,single_center,0,3.0,216022,264022,13.501375,16.501375,21c1f938e5d2b04b
single_center:115290:0,115290,single_center,0,3.0,215813,263813,13.4883125,16.4883125,21c1f938e5d2b04b
single_center:115292:0,115292,single_center,0,3.0,216022,264022,13.501375,16.501375,21c1f938e5d2b04b
single_center:115293:0,115293,single_center,0,3.0,215813,263813,13.4883125,16.4883125,21c1f938e5d2b04b
single_center:115294:0,115294,single_center,0,3.0,216022,264022,13.501375,16.501375,21c1f938e5d2b04b
single_center:115926:0,115926,single_center,0,3.0,215813,263813,13.4883125,16.4883125,21c1f938e5d2b04b
single_center:116175:0,116175,single_center,0,3.0,215813,263813,13.4883125,16.4883125,21c1f938e5d2b04b
single_center:116176:0,116176,single_center,0,3.0,215813,263813,13.4883125,16.4883125,21c1f938e5d2b04b
single_center:116177:0,116177,single_center,0,3.0,215813,263813,13.4883125,16.4883125,21c1f938e5d2b04b
single_center:116388:0,116388,single_center,0,3.0,215813,263813,13.4883125,16.4883125,21c1f938e5d2b04b
single_center:116389:0,116389,single_center,0,3.0,216022,264022,13.501375,16.501375,21c1f938e5d2b04b
single_center:116390:0,116390,single_center,0,3.0,216022,264022,13.501375,16.501375,21c1f938e5d2b04b
single_center:116407:0,116407,single_center,0,3.0,215813,263813,13.4883125,16.4883125,21c1f938e5d2b04b
single_center:116526:0,116526,single_center,0,3.0,215813,263813,13.4883125,16.4883125,21c1f938e5d2b04b
single_center:116527:0,116527,single_center,0,3.0,215813,263813,13.4883125,16.4883125,21c1f938e5d2b04b
single_center:116528:0,116528,single_center,0,3.0,215813,263813,13.4883125,16.4883125,21c1f938e5d2b04b
single_center:117251:0,117251,single_center,0,3.0,216022,264022,13.501375,16.501375,21c1f938e5d2b04b
single_center:117252:0,117252,single_center,0,3.0,216022,264022,13.501375,16.501375,21c1f938e5d2b04b
single_center:117253:0,117253,single_center,0,3.0,215813,263813,13.4883125,16.4883125,21c1f938e5d2b04b
single_center:117626:0,117626,single_center,0,3.0,215813,263813,13.4883125,16.4883125,21c1f938e5d2b04b
single_center:117883:0,117883,single_center,0,3.0,216022,264022,13.501375,16.501375,21c1f938e5d2b04b
single_center:117884:0,117884,single_center,0,3.0,215813,263813,13.4883125,16.4883125,21c1f938e5d2b04b
single_center:117885:0,117885,single_center,0,3.0,215813,263813,13.4883125,16.4883125,21c1f938e5d2b04b
single_center:117886:0,117886,single_center,0,3.0,216022,264022,13.501375,16.501375,21c1f938e5d2b04b
single_center:117887:0,117887,single_center,0,3.0,215813,263813,13.4883125,16.4883125,21c1f938e5d2b04b
single_center:117943:0,117943,single_center,0,3.0,215813,263813,13.4883125,16.4883125,21c1f938e5d2b04b
single_center:117961:0,117961,single_center,0,3.0,215813,263813,13.4883125,16.4883125,21c1f938e5d2b04b
single_center:118505:0,118505,single_center,0,3.0,215813,263813,13.4883125,16.4883125,21c1f938e5d2b04b
single_center:119584:0,119584,single_center,0,3.0,216022,264022,13.501375,16.501375,21c1f938e5d2b04b
single_center:119592:0,119592,single_center,0,3.0,215813,263813,13.4883125,16.4883125,21c1f938e5d2b04b
single_center:119828:0,119828,single_center,0,3.0,216022,264022,13.501375,16.501375,21c1f938e5d2b04b
single_center:119830:0,119830,single_center,0,3.0,215813,263813,13.4883125,16.4883125,21c1f938e5d2b04b
single_center:119831:0,119831,single_center,0,3.0,216022,264022,13.501375,16.501375,21c1f938e5d2b04b
single_center:120206:0,120206,single_center,0,3.0,215813,263813,13.4883125,16.4883125,21c1f938e5d2b04b
single_center:121415:0,121415,single_center,0,3.0,215813,263813,13.4883125,16.4883125,21c1f938e5d2b04b
single_center:121595:0,121595,single_center,0,3.0,216022,264022,13.501375,16.501375,21c1f938e5d2b04b
single_center:121913:0,121913,single_center,0,3.0,215813,263813,13.4883125,16.4883125,21c1f938e5d2b04b
single_center:121915:0,121915,single_center,0,3.0,216022,264022,13.501375,16.501375,21c1f938e5d2b04b
single_center:121922:0,121922,single_center,0,3.0,216022,264022,13.501375,16.501375,21c1f938e5d2b04b
single_center:121926:0,121926,single_center,0,3.0,215813,263813,13.4883125,16.4883125,21c1f938e5d2b04b
single_center:121929:0,121929,single_center,0,3.0,215813,263813,13.4883125,16.4883125,21c1f938e5d2b04b
single_center:121930:0,121930,single_center,0,3.0,215813,263813,13.4883125,16.4883125,21c1f938e5d2b04b
single_center:121998:0,121998,single_center,0,3.0,216022,264022,13.501375,16.501375,21c1f938e5d2b04b
single_center:122106:0,122106,single_center,0,3.0,216022,264022,13.501375,16.501375,21c1f938e5d2b04b
single_center:122107:0,122107,single_center,0,3.0,216022,264022,13.501375,16.501375,21c1f938e5d2b04b
single_center:122143:0,122143,single_center,0,3.0,215813,263813,13.4883125,16.4883125,21c1f938e5d2b04b
single_center:122155:0,122155,single_center,0,3.0,215813,263813,13.4883125,16.4883125,21c1f938e5d2b04b
single_center:122168:0,122168,single_center,0,3.0,216022,264022,13.501375,16.501375,21c1f938e5d2b04b
single_center:122510:0,122510,single_center,0,3.0,215813,263813,13.4883125,16.4883125,21c1f938e5d2b04b
single_center:122511:0,122511,single_center,0,3.0,216022,264022,13.501375,16.501375,21c1f938e5d2b04b
single_center:124184:0,124184,single_center,0,3.0,215813,263813,13.4883125,16.4883125,21c1f938e5d2b04b
single_center:124185:0,124185,single_center,0,3.0,216022,264022,13.501375,16.501375,21c1f938e5d2b04b
single_center:124186:0,124186,single_center,0,3.0,216022,264022,13.501375,16.501375,21c1f938e5d2b04b
single_center:124391:0,124391,single_center,0,3.0,216022,264022,13.501375,16.501375,21c1f938e5d2b04b
single_center:124392:0,124392,single_center,0,3.0,216022,264022,13.501375,16.501375,21c1f938e5d2b04b
single_center:124393:0,124393,single_center,0,3.0,215813,263813,13.4883125,16.4883125,21c1f938e5d2b04b
single_center:124394:0,124394,single_center,0,3.0,216022,264022,13.501375,16.501375,21c1f938e5d2b04b
single_center:126240:0,126240,single_center,0,3.0,215813,263813,13.4883125,16.4883125,21c1f938e5d2b04b
single_center:126241:0,126241,single_center,0,3.0,215813,263813,13.4883125,16.4883125,21c1f938e5d2b04b
single_center:126242:0,126242,single_center,0,3.0,216022,264022,13.501375,16.501375,21c1f938e5d2b04b
single_center:126243:0,126243,single_center,0,3.0,216022,264022,13.501375,16.501375,21c1f938e5d2b04b
single_center:126507:0,126507,single_center,0,3.0,215813,263813,13.4883125,16.4883125,21c1f938e5d2b04b
single_center:127180:0,127180,single_center,0,3.0,216022,264022,13.501375,16.501375,21c1f938e5d2b04b
single_center:127181:0,127181,single_center,0,3.0,215813,263813,13.4883125,16.4883125,21c1f938e5d2b04b
single_center:127182:0,127182,single_center,0,3.0,215813,263813,13.4883125,16.4883125,21c1f938e5d2b04b
single_center:127183:0,127183,single_center,0,3.0,216022,264022,13.501375,16.501375,21c1f938e5d2b04b
single_center:127184:0,127184,single_center,0,3.0,215813,263813,13.4883125,16.4883125,21c1f938e5d2b04b
single_center:127185:0,127185,single_center,0,3.0,215813,263813,13.4883125,16.4883125,21c1f938e5d2b04b
single_center:127186:0,127186,single_center,0,3.0,216022,264022,13.501375,16.501375,21c1f938e5d2b04b
single_center:127187:0,127187,single_center,0,3.0,215813,263813,13.4883125,16.4883125,21c1f938e5d2b04b
single_center:127188:0,127188,single_center,0,3.0,216022,264022,13.501375,16.501375,21c1f938e5d2b04b
single_center:127189:0,127189,single_center,0,3.0,215813,263813,13.4883125,16.4883125,21c1f938e5d2b04b
single_center:127330:0,127330,single_center,0,3.0,216022,264022,13.501375,16.501375,21c1f938e5d2b04b
single_center:127331:0,127331,single_center,0,3.0,216022,264022,13.501375,16.501375,21c1f938e5d2b04b
single_center:127484:0,127484,single_center,0,3.0,216022,264022,13.501375,16.501375,21c1f938e5d2b04b
single_center:127519:0,127519,single_center,0,3.0,216022,264022,13.501375,16.501375,21c1f938e5d2b04b
single_center:127520:0,127520,single_center,0,3.0,215813,263813,13.4883125,16.4883125,21c1f938e5d2b04b
single_center:127559:0,127559,single_center,0,3.0,215813,263813,13.4883125,16.4883125,21c1f938e5d2b04b
single_center:128441:0,128441,single_center,0,3.0,215813,263813,13.4883125,16.4883125,21c1f938e5d2b04b
single_center:128878:0,128878,single_center,0,3.0,215813,263813,13.4883125,16.4883125,21c1f938e5d2b04b
single_center:128879:0,128879,single_center,0,3.0,215813,263813,13.4883125,16.4883125,21c1f938e5d2b04b
single_center:128880:0,128880,single_center,0,3.0,216022,264022,13.501375,16.501375,21c1f938e5d2b04b
single_center:128881:0,128881,single_center,0,3.0,216022,264022,13.501375,16.501375,21c1f938e5d2b04b
single_center:128882:0,128882,single_center,0,3.0,215813,263813,13.4883125,16.4883125,21c1f938e5d2b04b
single_center:128885:0,128885,single_center,0,3.0,216022,264022,13.501375,16.501375,21c1f938e5d2b04b
single_center:128886:0,128886,single_center,0,3.0,216022,264022,13.501375,16.501375,21c1f938e5d2b04b
single_center:128887:0,128887,single_center,0,3.0,215813,263813,13.4883125,16.4883125,21c1f938e5d2b04b
single_center:128888:0,128888,single_center,0,3.0,215813,263813,13.4883125,16.4883125,21c1f938e5d2b04b
single_center:130752:0,130752,single_center,0,3.0,215813,263813,13.4883125,16.4883125,21c1f938e5d2b04b
single_center:131410:0,131410,single_center,0,3.0,216022,264022,13.501375,16.501375,21c1f938e5d2b04b
single_center:131476:0,131476,single_center,0,3.0,216022,264022,13.501375,16.501375,21c1f938e5d2b04b
single_center:131932:0,131932,single_center,0,3.0,215813,263813,13.4883125,16.4883125,21c1f938e5d2b04b
single_center:131933:0,131933,single_center,0,3.0,216022,264022,13.501375,16.501375,21c1f938e5d2b04b
single_center:131934:0,131934,single_center,0,3.0,216022,264022,13.501375,16.501375,21c1f938e5d2b04b
single_center:131935:0,131935,single_center,0,3.0,215813,263813,13.4883125,16.4883125,21c1f938e5d2b04b
single_center:131936:0,131936,single_center,0,3.0,216022,264022,13.501375,16.501375,21c1f938e5d2b04b
single_center:132117:0,132117,single_center,0,3.0,215813,263813,13.4883125,16.4883125,21c1f938e5d2b04b
single_center:132171:0,132171,single_center,0,3.0,216022,264022,13.501375,16.501375,21c1f938e5d2b04b
single_center:132448:0,132448,single_center,0,3.0,216022,264022,13.501375,16.501375,21c1f938e5d2b04b
single_center:133102:0,133102,single_center,0,3.0,216022,264022,13.501375,16.501375,21c1f938e5d2b04b
single_center:133681:0,133681,single_center,0,3.0,216022,264022,13.501375,16.501375,21c1f938e5d2b04b
single_center:133772:0,133772,single_center,0,3.0,215912,263912,13.4945,16.4945,21c1f938e5d2b04b
single_center:134486:0,134486,single_center,0,3.0,216022,264022,13.501375,16.501375,21c1f938e5d2b04b
single_center:134790:0,134790,single_center,0,3.0,215813,263813,13.4883125,16.4883125,21c1f938e5d2b04b
single_center:134791:0,134791,single_center,0,3.0,216022,264022,13.501375,16.501375,21c1f938e5d2b04b
single_center:134792:0,134792,single_center,0,3.0,216022,264022,13.501375,16.501375,21c1f938e5d2b04b
single_center:134793:0,134793,single_center,0,3.0,216022,264022,13.501375,16.501375,21c1f938e5d2b04b
single_center:134794:0,134794,single_center,0,3.0,216022,264022,13.501375,16.501375,21c1f938e5d2b04b
single_center:134795:0,134795,single_center,0,3.0,216022,264022,13.501375,16.501375,21c1f938e5d2b04b
single_center:134796:0,134796,single_center,0,3.0,215813,263813,13.4883125,16.4883125,21c1f938e5d2b04b
single_center:134797:0,134797,single_center,0,3.0,215813,263813,13.4883125,16.4883125,21c1f938e5d2b04b
single_center:136054:0,136054,single_center,0,3.0,215813,263813,13.4883125,16.4883125,21c1f938e5d2b04b
single_center:137605:0,137605,single_center,0,3.0,215912,263912,13.4945,16.4945,21c1f938e5d2b04b
single_center:137624:0,137624,single_center,0,3.0,216022,264022,13.501375,16.501375,21c1f938e5d2b04b
single_center:137627:0,137627,single_center,0,3.0,215813,263813,13.4883125,16.4883125,21c1f938e5d2b04b
single_center:137630:0,137630,single_center,0,3.0,216022,264022,13.501375,16.501375,21c1f938e5d2b04b
single_center:137631:0,137631,single_center,0,3.0,216022,264022,13.501375,16.501375,21c1f938e5d2b04b
single_center:137632:0,137632,single_center,0,3.0,216022,264022,13.501375,16.501375,21c1f938e5d2b04b
single_center:138018:0,138018,single_center,0,3.0,216022,264022,13.501375,16.501375,21c1f938e5d2b04b
single_center:138019:0,138019,single_center,0,3.0,215813,263813,13.4883125,16.4883125,21c1f938e5d2b04b
single_center:138020:0,138020,single_center,0,3.0,216022,264022,13.501375,16.501375,21c1f938e5d2b04b
single_center:138021:0,138021,single_center,0,3.0,216022,264022,13.501375,16.501375,21c1f938e5d2b04b
single_center:138022:0,138022,single_center,0,3.0,216022,264022,13.501375,16.501375,21c1f938e5d2b04b
single_center:138023:0,138023,single_center,0,3.0,216022,264022,13.501375,16.501375,21c1f938e5d2b04b
single_center:138024:0,138024,single_center,0,3.0,216022,264022,13.501375,16.501375,21c1f938e5d2b04b
single_center:138025:0,138025,single_center,0,3.0,215813,263813,13.4883125,16.4883125,21c1f938e5d2b04b
single_center:138026:0,138026,single_center,0,3.0,216022,264022,13.501375,16.501375,21c1f938e5d2b04b
single_center:139933:0,139933,single_center,0,3.0,215813,263813,13.4883125,16.4883125,21c1f938e5d2b04b
single_center:139934:0,139934,single_center,0,3.0,215813,263813,13.4883125,16.4883125,21c1f938e5d2b04b
single_center:139935:0,139935,single_center,0,3.0,215813,263813,13.4883125,16.4883125,21c1f938e5d2b04b
single_center:139936:0,139936,single_center,0,3.0,216022,264022,13.501375,16.501375,21c1f938e5d2b04b
single_center:139937:0,139937,single_center,0,3.0,215813,263813,13.4883125,16.4883125,21c1f938e5d2b04b
single_center:140043:0,140043,single_center,0,3.0,216022,264022,13.501375,16.501375,21c1f938e5d2b04b
single_center:140609:0,140609,single_center,0,3.0,216022,264022,13.501375,16.501375,21c1f938e5d2b04b
single_center:140620:0,140620,single_center,0,3.0,216022,264022,13.501375,16.501375,21c1f938e5d2b04b
single_center:140621:0,140621,single_center,0,3.0,215813,263813,13.4883125,16.4883125,21c1f938e5d2b04b
single_center:140623:0,140623,single_center,0,3.0,215813,263813,13.4883125,16.4883125,21c1f938e5d2b04b
single_center:140625:0,140625,single_center,0,3.0,216022,264022,13.501375,16.501375,21c1f938e5d2b04b
single_center:140626:0,140626,single_center,0,3.0,216022,264022,13.501375,16.501375,21c1f938e5d2b04b
single_center:140922:0,140922,single_center,0,3.0,215813,263813,13.4883125,16.4883125,21c1f938e5d2b04b
single_center:140923:0,140923,single_center,0,3.0,216022,264022,13.501375,16.501375,21c1f938e5d2b04b
single_center:140924:0,140924,single_center,0,3.0,215813,263813,13.4883125,16.4883125,21c1f938e5d2b04b
single_center:140925:0,140925,single_center,0,3.0,216022,264022,13.501375,16.501375,21c1f938e5d2b04b
single_center:140926:0,140926,single_center,0,3.0,215813,263813,13.4883125,16.4883125,21c1f938e5d2b04b
single_center:140933:0,140933,single_center,0,3.0,215813,263813,13.4883125,16.4883125,21c1f938e5d2b04b
single_center:140934:0,140934,single_center,0,3.0,215813,263813,13.4883125,16.4883125,21c1f938e5d2b04b
single_center:141616:0,141616,single_center,0,3.0,215813,263813,13.4883125,16.4883125,21c1f938e5d2b04b
single_center:141617:0,141617,single_center,0,3.0,216022,264022,13.501375,16.501375,21c1f938e5d2b04b
single_center:141618:0,141618,single_center,0,3.0,215813,263813,13.4883125,16.4883125,21c1f938e5d2b04b
single_center:141619:0,141619,single_center,0,3.0,216022,264022,13.501375,16.501375,21c1f938e5d2b04b
single_center:141877:0,141877,single_center,0,3.0,215813,263813,13.4883125,16.4883125,21c1f938e5d2b04b
single_center:141878:0,141878,single_center,0,3.0,215813,263813,13.4883125,16.4883125,21c1f938e5d2b04b
single_center:142358:0,142358,single_center,0,3.0,216022,264022,13.501375,16.501375,21c1f938e5d2b04b
single_center:142359:0,142359,single_center,0,3.0,215813,263813,13.4883125,16.4883125,21c1f938e5d2b04b
single_center:142360:0,142360,single_center,0,3.0,215813,263813,13.4883125,16.4883125,21c1f938e5d2b04b
single_center:142361:0,142361,single_center,0,3.0,216022,264022,13.501375,16.501375,21c1f938e5d2b04b
single_center:142362:0,142362,single_center,0,3.0,215813,263813,13.4883125,16.4883125,21c1f938e5d2b04b
single_center:142533:0,142533,single_center,0,3.0,215813,263813,13.4883125,16.4883125,21c1f938e5d2b04b
single_center:142534:0,142534,single_center,0,3.0,216022,264022,13.501375,16.501375,21c1f938e5d2b04b
single_center:142535:0,142535,single_center,0,3.0,215813,263813,13.4883125,16.4883125,21c1f938e5d2b04b
single_center:142536:0,142536,single_center,0,3.0,216022,264022,13.501375,16.501375,21c1f938e5d2b04b
single_center:142537:0,142537,single_center,0,3.0,216022,264022,13.501375,16.501375,21c1f938e5d2b04b
single_center:142538:0,142538,single_center,0,3.0,215813,263813,13.4883125,16.4883125,21c1f938e5d2b04b
single_center:142539:0,142539,single_center,0,3.0,216022,264022,13.501375,16.501375,21c1f938e5d2b04b
single_center:144212:0,144212,single_center,0,3.0,216022,264022,13.501375,16.501375,21c1f938e5d2b04b
single_center:144213:0,144213,single_center,0,3.0,216022,264022,13.501375,16.501375,21c1f938e5d2b04b
single_center:144214:0,144214,single_center,0,3.0,215813,263813,13.4883125,16.4883125,21c1f938e5d2b04b
single_center:144215:0,144215,single_center,0,3.0,215813,263813,13.4883125,16.4883125,21c1f938e5d2b04b
single_center:144216:0,144216,single_center,0,3.0,215813,263813,13.4883125,16.4883125,21c1f938e5d2b04b
single_center:144592:0,144592,single_center,0,3.0,215813,263813,13.4883125,16.4883125,21c1f938e5d2b04b
single_center:145067:0,145067,single_center,0,3.0,216022,264022,13.501375,16.501375,21c1f938e5d2b04b
single_center:145068:0,145068,single_center,0,3.0,215813,263813,13.4883125,16.4883125,21c1f938e5d2b04b
single_center:145457:0,145457,single_center,0,3.0,216022,264022,13.501375,16.501375,21c1f938e5d2b04b
single_center:145458:0,145458,single_center,0,3.0,216022,264022,13.501375,16.501375,21c1f938e5d2b04b
single_center:145475:0,145475,single_center,0,3.0,216022,264022,13.501375,16.501375,21c1f938e5d2b04b
single_center:145476:0,145476,single_center,0,3.0,215813,263813,13.4883125,16.4883125,21c1f938e5d2b04b
single_center:145477:0,145477,single_center,0,3.0,216022,264022,13.501375,16.501375,21c1f938e5d2b04b
single_center:145747:0,145747,single_center,0,3.0,215813,263813,13.4883125,16.4883125,21c1f938e5d2b04b
single_center:145748:0,145748,single_center,0,3.0,216022,264022,13.501375,16.501375,21c1f938e5d2b04b
single_center:145749:0,145749,single_center,0,3.0,215813,263813,13.4883125,16.4883125,21c1f938e5d2b04b
single_center:145750:0,145750,single_center,0,3.0,215813,263813,13.4883125,16.4883125,21c1f938e5d2b04b
single_center:145751:0,145751,single_center,0,3.0,216022,264022,13.501375,16.501375,21c1f938e5d2b04b
single_center:145762:0,145762,single_center,0,3.0,216022,264022,13.501375,16.501375,21c1f938e5d2b04b
single_center:145777:0,145777,single_center,0,3.0,215813,263813,13.4883125,16.4883125,21c1f938e5d2b04b
single_center:145887:0,145887,single_center,0,3.0,215813,263813,13.4883125,16.4883125,21c1f938e5d2b04b
single_center:147020:0,147020,single_center,0,3.0,215813,263813,13.4883125,16.4883125,21c1f938e5d2b04b
single_center:147021:0,147021,single_center,0,3.0,215813,263813,13.4883125,16.4883125,21c1f938e5d2b04b
single_center:147022:0,147022,single_center,0,3.0,215813,263813,13.4883125,16.4883125,21c1f938e5d2b04b
single_center:147023:0,147023,single_center,0,3.0,216022,264022,13.501375,16.501375,21c1f938e5d2b04b
single_center:147024:0,147024,single_center,0,3.0,216022,264022,13.501375,16.501375,21c1f938e5d2b04b
single_center:147261:0,147261,single_center,0,3.0,215813,263813,13.4883125,16.4883125,21c1f938e5d2b04b
single_center:148002:0,148002,single_center,0,3.0,215813,263813,13.4883125,16.4883125,21c1f938e5d2b04b
single_center:148028:0,148028,single_center,0,3.0,215813,263813,13.4883125,16.4883125,21c1f938e5d2b04b
single_center:148031:0,148031,single_center,0,3.0,215813,263813,13.4883125,16.4883125,21c1f938e5d2b04b
single_center:148032:0,148032,single_center,0,3.0,215813,263813,13.4883125,16.4883125,21c1f938e5d2b04b
single_center:148082:0,148082,single_center,0,3.0,216022,264022,13.501375,16.501375,21c1f938e5d2b04b
single_center:148430:0,148430,single_center,0,3.0,216022,264022,13.501375,16.501375,21c1f938e5d2b04b
single_center:148606:0,148606,single_center,0,3.0,216022,264022,13.501375,16.501375,21c1f938e5d2b04b
single_center:148607:0,148607,single_center,0,3.0,215813,263813,13.4883125,16.4883125,21c1f938e5d2b04b
single_center:148608:0,148608,single_center,0,3.0,216022,264022,13.501375,16.501375,21c1f938e5d2b04b
single_center:148609:0,148609,single_center,0,3.0,216022,264022,13.501375,16.501375,21c1f938e5d2b04b
single_center:148610:0,148610,single_center,0,3.0,216022,264022,13.501375,16.501375,21c1f938e5d2b04b
single_center:148611:0,148611,single_center,0,3.0,215813,263813,13.4883125,16.4883125,21c1f938e5d2b04b
single_center:148612:0,148612,single_center,0,3.0,216022,264022,13.501375,16.501375,21c1f938e5d2b04b
single_center:148613:0,148613,single_center,0,3.0,216022,264022,13.501375,16.501375,21c1f938e5d2b04b
single_center:149623:0,149623,single_center,0,3.0,215912,263912,13.4945,16.4945,21c1f938e5d2b04b
single_center:149625:0,149625,single_center,0,3.0,215912,263912,13.4945,16.4945,21c1f938e5d2b04b
single_center:149626:0,149626,single_center,0,3.0,215912,263912,13.4945,16.4945,21c1f938e5d2b04b
single_center:150015:0,150015,single_center,0,3.0,216022,264022,13.501375,16.501375,21c1f938e5d2b04b
single_center:150017:0,150017,single_center,0,3.0,216022,264022,13.501375,16.501375,21c1f938e5d2b04b
single_center:150018:0,150018,single_center,0,3.0,216022,264022,13.501375,16.501375,21c1f938e5d2b04b
single_center:150287:0,150287,single_center,0,3.0,216022,264022,13.501375,16.501375,21c1f938e5d2b04b
single_center:150288:0,150288,single_center,0,3.0,216022,264022,13.501375,16.501375,21c1f938e5d2b04b
single_center:154303:0,154303,single_center,0,3.0,215813,263813,13.4883125,16.4883125,21c1f938e5d2b04b
single_center:154305:0,154305,single_center,0,3.0,216022,264022,13.501375,16.501375,21c1f938e5d2b04b
single_center:154306:0,154306,single_center,0,3.0,216022,264022,13.501375,16.501375,21c1f938e5d2b04b
single_center:154307:0,154307,single_center,0,3.0,215813,263813,13.4883125,16.4883125,21c1f938e5d2b04b
single_center:154308:0,154308,single_center,0,3.0,215813,263813,13.4883125,16.4883125,21c1f938e5d2b04b
single_center:154309:0,154309,single_center,0,3.0,215813,263813,13.4883125,16.4883125,21c1f938e5d2b04b
