query_group_id,true_track_id,regime_name,condition_name,query_length_seconds,group_size,rank,correct_top1,top1_track_id,top1_score,top_candidate_track_ids_json,top_candidate_scores_json,run_id,source,model_name,augmentation_profile,embed_dim,windowing_name,index_name,index_kind
multi_segment_same_track:705:clean:1.00,705,multi_segment_same_track,clean,1.0,3,31,False,99093,0.7166268825531006,"[99093, 99096, 14690, 98346, 56895, 149625, 99095, 36965, 57540, 110778]","[0.7166268825531006, 0.6920361518859863, 0.635753333568573, 0.6044180393218994, 0.581283450126648, 0.572357177734375, 0.562242865562439, 0.5235753059387207, 0.5096874833106995, 0.5056338310241699]",cnn_baseline_embed128,notebook2,cnn,baseline,128,single_center,ivfflat_nprobe1,ivfflat
multi_segment_same_track:1259:clean:1.00,1259,multi_segment_same_track,clean,1.0,3,31,False,63064,0.7178130149841309,"[63064, 149626, 121915, 60874, 20296, 43517, 28070, 43768, 121998, 14742]","[0.7178130149841309, 0.6863572597503662, 0.6187882423400879, 0.609905481338501, 0.5982041358947754, 0.5963128805160522, 0.5909947752952576, 0.5809845924377441, 0.5646018981933594, 0.5558240413665771]",cnn_baseline_embed128,notebook2,cnn,baseline,128,single_center,ivfflat_nprobe1,ivfflat
multi_segment_same_track:7383:clean:1.00,7383,multi_segment_same_track,clean,1.0,3,31,False,154309,0.8123253583908081,"[154309, 140620, 14603, 36966, 90618, 73494, 14601, 26904, 40235, 63252]","[0.8123253583908081, 0.7781616449356079, 0.7765201330184937, 0.7701486349105835, 0.755032479763031, 0.7482746243476868, 0.7459136247634888, 0.7406908273696899, 0.7394658327102661, 0.7305212020874023]",cnn_baseline_embed128,notebook2,cnn,baseline,128,single_center,ivfflat_nprobe1,ivfflat
multi_segment_same_track:7386:clean:1.00,7386,multi_segment_same_track,clean,1.0,3,31,False,145749,0.7606922388076782,"[145749, 68892, 110776, 82780, 144214, 39607, 105144, 110743, 39605, 16340]","[0.7606922388076782, 0.7506970763206482, 0.7343319654464722, 0.7338287830352783, 0.7161169052124023, 0.6973965167999268, 0.6959692239761353, 0.6880347728729248, 0.6837258338928223, 0.6789126992225647]",cnn_baseline_embed128,notebook2,cnn,baseline,128,single_center,ivfflat_nprobe1,ivfflat
multi_segment_same_track:10481:clean:1.00,10481,multi_segment_same_track,clean,1.0,3,31,False,63457,0.6109136939048767,"[63457, 43519, 63253, 54703, 126242, 40241, 42463, 16337, 131933, 60537]","[0.6109136939048767, 0.5938776731491089, 0.5849361419677734, 0.5497457981109619, 0.5312970280647278, 0.5163607001304626, 0.4944816827774048, 0.49114468693733215, 0.48626041412353516, 0.4820740222930908]",cnn_baseline_embed128,notebook2,cnn,baseline,128,single_center,ivfflat_nprobe1,ivfflat
multi_segment_same_track:12048:clean:1.00,12048,multi_segment_same_track,clean,1.0,3,31,False,7385,0.7391064167022705,"[7385, 57272, 86038, 126507, 111146, 12061, 10442, 111148, 43521, 137631]","[0.7391064167022705, 0.630092203617096, 0.6210534572601318, 0.579380452632904, 0.5761272311210632, 0.5735000371932983, 0.5628717541694641, 0.5627491474151611, 0.554692268371582, 0.5510605573654175]",cnn_baseline_embed128,notebook2,cnn,baseline,128,single_center,ivfflat_nprobe1,ivfflat
multi_segment_same_track:12489:clean:1.00,12489,multi_segment_same_track,clean,1.0,3,31,False,66537,0.49675050377845764,"[66537, 42146, 60874, 66536, 66534, 38784, 148430, 29351, 707, 126241]","[0.49675050377845764, 0.4668833315372467, 0.45981523394584656, 0.45939603447914124, 0.45428356528282166, 0.44953566789627075, 0.4480030834674835, 0.438465416431427, 0.43303704261779785, 0.4300907254219055]",cnn_baseline_embed128,notebook2,cnn,baseline,128,single_center,ivfflat_nprobe1,ivfflat
multi_segment_same_track:14738:clean:1.00,14738,multi_segment_same_track,clean,1.0,3,31,False,39607,0.7839044332504272,"[39607, 73777, 45149, 108846, 65779, 16337, 82780, 43520, 30316, 112486]","[0.7839044332504272, 0.7424463629722595, 0.7416250705718994, 0.7093852758407593, 0.7089327573776245, 0.7039243578910828, 0.7001634836196899, 0.6831473112106323, 0.68092942237854, 0.6794769763946533]",cnn_baseline_embed128,notebook2,cnn,baseline,128,single_center,ivfflat_nprobe1,ivfflat
multi_segment_same_track:18350:clean:1.00,18350,multi_segment_same_track,clean,1.0,3,31,False,74393,0.8055773377418518,"[74393, 85595, 42372, 128886, 48990, 105144, 144214, 110743, 56523, 16994]","[0.8055773377418518, 0.7655428647994995, 0.7488825917243958, 0.7049689292907715, 0.6915903091430664, 0.6895752549171448, 0.6698156595230103, 0.6557641625404358, 0.608285665512085, 0.6031602621078491]",cnn_baseline_embed128,notebook2,cnn,baseline,128,single_center,ivfflat_nprobe1,ivfflat
multi_segment_same_track:21997:clean:1.00,21997,multi_segment_same_track,clean,1.0,3,31,False,57274,0.6990262269973755,"[57274, 85308, 28692, 57271, 14742, 43859, 140926, 9155, 35184, 16338]","[0.6990262269973755, 0.6588406562805176, 0.6404405832290649, 0.6238573789596558, 0.6234434843063354, 0.6109535694122314, 0.5855584144592285, 0.573863685131073, 0.5660578012466431, 0.5625511407852173]",cnn_baseline_embed128,notebook2,cnn,baseline,128,single_center,ivfflat_nprobe1,ivfflat
multi_segment_same_track:23010:clean:1.00,23010,multi_segment_same_track,clean,1.0,3,31,False,108529,0.7572813630104065,"[108529, 110775, 15094, 7383, 7388, 10250, 14733, 73520, 14601, 73519]","[0.7572813630104065, 0.7307215332984924, 0.7228119969367981, 0.7042216062545776, 0.6697986125946045, 0.664323627948761, 0.6600212454795837, 0.6462313532829285, 0.6358926892280579, 0.6348790526390076]",cnn_baseline_embed128,notebook2,cnn,baseline,128,single_center,ivfflat_nprobe1,ivfflat
multi_segment_same_track:36097:clean:1.00,36097,multi_segment_same_track,clean,1.0,3,31,False,68537,0.7340121865272522,"[68537, 149626, 21996, 36099, 45934, 7375, 68536, 9155, 14742, 61820]","[0.7340121865272522, 0.7318596839904785, 0.7309237718582153, 0.722525954246521, 0.7169386148452759, 0.7085794806480408, 0.7081453800201416, 0.7042380571365356, 0.7024133205413818, 0.6998668909072876]",cnn_baseline_embed128,notebook2,cnn,baseline,128,single_center,ivfflat_nprobe1,ivfflat
multi_segment_same_track:38833:clean:1.00,38833,multi_segment_same_track,clean,1.0,3,31,False,115002,0.8745264410972595,"[115002, 90527, 40232, 114974, 131410, 115293, 38827, 40235, 73776, 90618]","[0.8745264410972595, 0.8343296051025391, 0.7769466042518616, 0.7280455827713013, 0.7120682001113892, 0.6886873245239258, 0.6735217571258545, 0.6727054119110107, 0.6710779070854187, 0.6666899919509888]",cnn_baseline_embed128,notebook2,cnn,baseline,128,single_center,ivfflat_nprobe1,ivfflat
multi_segment_same_track:43768:clean:1.00,43768,multi_segment_same_track,clean,1.0,3,31,False,60874,0.6920232772827148,"[60874, 43517, 14601, 66536, 26904, 66537, 60871, 113273, 85594, 38818]","[0.6920232772827148, 0.6587264537811279, 0.6203411817550659, 0.6144737005233765, 0.6046706438064575, 0.6019102334976196, 0.586203932762146, 0.5823046565055847, 0.5622314214706421, 0.5449060201644897]",cnn_baseline_embed128,notebook2,cnn,baseline,128,single_center,ivfflat_nprobe1,ivfflat
multi_segment_same_track:45149:clean:1.00,45149,multi_segment_same_track,clean,1.0,3,31,False,112484,0.7704688310623169,"[112484, 154309, 26904, 12690, 148612, 68893, 108528, 76129, 85593, 14735]","[0.7704688310623169, 0.7696257829666138, 0.7594956159591675, 0.7294005155563354, 0.7179961204528809, 0.7151366472244263, 0.6953171491622925, 0.6486577987670898, 0.6436095833778381, 0.6344980001449585]",cnn_baseline_embed128,notebook2,cnn,baseline,128,single_center,ivfflat_nprobe1,ivfflat
multi_segment_same_track:45934:clean:1.00,45934,multi_segment_same_track,clean,1.0,3,31,False,64618,0.8016484379768372,"[64618, 92366, 105144, 144214, 26906, 101951, 51301, 139936, 56523, 43859]","[0.8016484379768372, 0.7888299226760864, 0.764551043510437, 0.7403991222381592, 0.7388021349906921, 0.7283145189285278, 0.7179590463638306, 0.7129381895065308, 0.6993087530136108, 0.6989840269088745]",cnn_baseline_embed128,notebook2,cnn,baseline,128,single_center,ivfflat_nprobe1,ivfflat
multi_segment_same_track:47628:clean:1.00,47628,multi_segment_same_track,clean,1.0,3,31,False,53228,0.721155047416687,"[53228, 138024, 106877, 69303, 126243, 115289, 42129, 76130, 134795, 10444]","[0.721155047416687, 0.693394660949707, 0.6930882930755615, 0.66881263256073, 0.6602345705032349, 0.6519559621810913, 0.6483876705169678, 0.6471347808837891, 0.6205779910087585, 0.6106215715408325]",cnn_baseline_embed128,notebook2,cnn,baseline,128,single_center,ivfflat_nprobe1,ivfflat
multi_segment_same_track:60476:clean:1.00,60476,multi_segment_same_track,clean,1.0,3,31,False,140609,0.8072099685668945,"[140609, 142534, 116390, 142361, 110764, 11059, 110084, 132171, 86416, 99095]","[0.8072099685668945, 0.80080246925354, 0.7903803586959839, 0.7875382900238037, 0.7800636291503906, 0.7773919105529785, 0.7653437852859497, 0.7479630708694458, 0.7429227232933044, 0.7327320575714111]",cnn_baseline_embed128,notebook2,cnn,baseline,128,single_center,ivfflat_nprobe1,ivfflat
multi_segment_same_track:61821:clean:1.00,61821,multi_segment_same_track,clean,1.0,3,31,False,61820,0.7783142328262329,"[61820, 41019, 10382, 23010, 90617, 148028, 7375, 94101, 110084, 99093]","[0.7783142328262329, 0.7432782649993896, 0.670261025428772, 0.6676455736160278, 0.663274884223938, 0.655520498752594, 0.6471540927886963, 0.6259618401527405, 0.6166826486587524, 0.6143016815185547]",cnn_baseline_embed128,notebook2,cnn,baseline,128,single_center,ivfflat_nprobe1,ivfflat
multi_segment_same_track:65779:clean:1.00,65779,multi_segment_same_track,clean,1.0,3,31,False,89445,0.8337259292602539,"[89445, 108528, 16338, 43859, 12690, 148608, 112484, 148612, 140620, 26904]","[0.8337259292602539, 0.7980089783668518, 0.7821088433265686, 0.77010577917099, 0.7468891143798828, 0.7367584705352783, 0.7189004421234131, 0.7168204188346863, 0.7166624069213867, 0.7053034901618958]",cnn_baseline_embed128,notebook2,cnn,baseline,128,single_center,ivfflat_nprobe1,ivfflat
multi_segment_same_track:65780:clean:1.00,65780,multi_segment_same_track,clean,1.0,3,31,False,112486,0.8153403997421265,"[112486, 30316, 112487, 21996, 84057, 39605, 65779, 73777, 154306, 12390]","[0.8153403997421265, 0.8117936253547668, 0.7877739667892456, 0.7704919576644897, 0.7683666944503784, 0.7681129574775696, 0.7454202771186829, 0.7343933582305908, 0.7110313773155212, 0.7100668549537659]",cnn_baseline_embed128,notebook2,cnn,baseline,128,single_center,ivfflat_nprobe1,ivfflat
multi_segment_same_track:66539:clean:1.00,66539,multi_segment_same_track,clean,1.0,3,31,False,66536,0.8245889544487,"[66536, 126241, 66534, 108456, 66537, 111150, 66535, 42135, 63252, 111148]","[0.8245889544487, 0.8227012157440186, 0.7150031328201294, 0.7118993401527405, 0.7010695934295654, 0.6908888220787048, 0.6795226335525513, 0.6714542508125305, 0.6705912947654724, 0.6689132452011108]",cnn_baseline_embed128,notebook2,cnn,baseline,128,single_center,ivfflat_nprobe1,ivfflat
multi_segment_same_track:66717:clean:1.00,66717,multi_segment_same_track,clean,1.0,3,31,False,154307,0.7312890291213989,"[154307, 144216, 12691, 12518, 42374, 12690, 9155, 142538, 110775, 154309]","[0.7312890291213989, 0.7271078824996948, 0.7026233077049255, 0.6991168856620789, 0.6716902256011963, 0.6715070605278015, 0.652705192565918, 0.6493464708328247, 0.6428701877593994, 0.6297708749771118]",cnn_baseline_embed128,notebook2,cnn,baseline,128,single_center,ivfflat_nprobe1,ivfflat
multi_segment_same_track:67331:clean:1.00,67331,multi_segment_same_track,clean,1.0,3,31,False,154309,0.8338558077812195,"[154309, 1249, 26904, 98298, 45149, 50754, 50753, 15094, 112000, 18112]","[0.8338558077812195, 0.7309939861297607, 0.7232879996299744, 0.7216476798057556, 0.7215214371681213, 0.7129300832748413, 0.7101500630378723, 0.6891672611236572, 0.6747816801071167, 0.6729304790496826]",cnn_baseline_embed128,notebook2,cnn,baseline,128,single_center,ivfflat_nprobe1,ivfflat
multi_segment_same_track:69221:clean:1.00,69221,multi_segment_same_track,clean,1.0,3,31,False,42135,0.7783383131027222,"[42135, 147261, 145457, 63252, 12482, 42377, 12690, 12488, 12052, 140620]","[0.7783383131027222, 0.6792615652084351, 0.6757417917251587, 0.6745537519454956, 0.667372465133667, 0.6671624183654785, 0.659432590007782, 0.6586498022079468, 0.6520574688911438, 0.6451221704483032]",cnn_baseline_embed128,notebook2,cnn,baseline,128,single_center,ivfflat_nprobe1,ivfflat
multi_segment_same_track:69223:clean:1.00,69223,multi_segment_same_track,clean,1.0,3,31,False,108528,0.7791764736175537,"[108528, 140620, 85594, 112484, 42374, 12690, 147022, 154309, 122107, 147261]","[0.7791764736175537, 0.724531888961792, 0.7174718379974365, 0.6986896991729736, 0.6527702212333679, 0.6481242179870605, 0.6108232140541077, 0.5999535322189331, 0.5972268581390381, 0.5892654657363892]",cnn_baseline_embed128,notebook2,cnn,baseline,128,single_center,ivfflat_nprobe1,ivfflat
multi_segment_same_track:74374:clean:1.00,74374,multi_segment_same_track,clean,1.0,3,31,False,7385,0.7305628061294556,"[7385, 11200, 42376, 60872, 12066, 122510, 40237, 137631, 14602, 66539]","[0.7305628061294556, 0.6486656665802002, 0.6453567743301392, 0.592854917049408, 0.5742909908294678, 0.5707932710647583, 0.543344259262085, 0.5319714546203613, 0.5269384384155273, 0.5206282138824463]",cnn_baseline_embed128,notebook2,cnn,baseline,128,single_center,ivfflat_nprobe1,ivfflat
multi_segment_same_track:84057:clean:1.00,84057,multi_segment_same_track,clean,1.0,3,31,False,42138,0.8163666725158691,"[42138, 61820, 39607, 86415, 114974, 21996, 140609, 110765, 7375, 40235]","[0.8163666725158691, 0.7761037945747375, 0.7717899084091187, 0.7084894776344299, 0.7022995948791504, 0.7007395029067993, 0.6947609782218933, 0.6907820701599121, 0.6801009178161621, 0.6762301921844482]",cnn_baseline_embed128,notebook2,cnn,baseline,128,single_center,ivfflat_nprobe1,ivfflat
multi_segment_same_track:84091:clean:1.00,84091,multi_segment_same_track,clean,1.0,3,31,False,57540,0.7067298889160156,"[57540, 110070, 43521, 86415, 26902, 43518, 99096, 126507, 43517, 42040]","[0.7067298889160156, 0.6972857117652893, 0.6852862238883972, 0.6839956641197205, 0.678588330745697, 0.6654336452484131, 0.6589668393135071, 0.6517415046691895, 0.6056894063949585, 0.5948388576507568]",cnn_baseline_embed128,notebook2,cnn,baseline,128,single_center,ivfflat_nprobe1,ivfflat
multi_segment_same_track:85599:clean:1.00,85599,multi_segment_same_track,clean,1.0,3,31,False,63159,0.8224128484725952,"[63159, 110208, 42372, 134792, 142533, 92366, 85595, 127180, 144214, 16994]","[0.8224128484725952, 0.8069800138473511, 0.7737537622451782, 0.7400597333908081, 0.700451135635376, 0.6907885074615479, 0.6700913906097412, 0.6515281200408936, 0.6418290138244629, 0.6383185982704163]",cnn_baseline_embed128,notebook2,cnn,baseline,128,single_center,ivfflat_nprobe1,ivfflat
multi_segment_same_track:98346:clean:1.00,98346,multi_segment_same_track,clean,1.0,3,31,False,12387,0.7499738931655884,"[12387, 7374, 98302, 98348, 98300, 142537, 142533, 134486, 38821, 117252]","[0.7499738931655884, 0.6857864856719971, 0.6421300172805786, 0.6258997917175293, 0.6191389560699463, 0.5884159803390503, 0.5766361355781555, 0.5729812979698181, 0.5496808290481567, 0.5307586789131165]",cnn_baseline_embed128,notebook2,cnn,baseline,128,single_center,ivfflat_nprobe1,ivfflat
multi_segment_same_track:98349:clean:1.00,98349,multi_segment_same_track,clean,1.0,3,31,False,127188,0.6863768696784973,"[127188, 38778, 124393, 93521, 47628, 42376, 148028, 86634, 39607, 7377]","[0.6863768696784973, 0.6244130730628967, 0.5947456359863281, 0.5558069348335266, 0.5299999713897705, 0.4944421350955963, 0.47164544463157654, 0.4552692174911499, 0.4545265734195709, 0.4389430284500122]",cnn_baseline_embed128,notebook2,cnn,baseline,128,single_center,ivfflat_nprobe1,ivfflat
multi_segment_same_track:103520:clean:1.00,103520,multi_segment_same_track,clean,1.0,3,31,False,38829,0.8085992932319641,"[38829, 44777, 38828, 74002, 10679, 12049, 144214, 119828, 7373, 145749]","[0.8085992932319641, 0.6780152916908264, 0.6513983011245728, 0.6218472719192505, 0.5918785333633423, 0.5913066864013672, 0.566045880317688, 0.5549318194389343, 0.5500560998916626, 0.543214738368988]",cnn_baseline_embed128,notebook2,cnn,baseline,128,single_center,ivfflat_nprobe1,ivfflat
multi_segment_same_track:103522:clean:1.00,103522,multi_segment_same_track,clean,1.0,3,31,False,76129,0.8235094547271729,"[76129, 38777, 14735, 131476, 148611, 35569, 38785, 67331, 35545, 10682]","[0.8235094547271729, 0.7782539129257202, 0.7766900062561035, 0.7476816177368164, 0.7432249188423157, 0.7158387899398804, 0.7084349989891052, 0.7051078081130981, 0.6834795475006104, 0.6774804592132568]",cnn_baseline_embed128,notebook2,cnn,baseline,128,single_center,ivfflat_nprobe1,ivfflat
multi_segment_same_track:105141:clean:1.00,105141,multi_segment_same_track,clean,1.0,3,31,False,111937,0.8140178322792053,"[111937, 110771, 108527, 69223, 139934, 71711, 111934, 140625, 144212, 108842]","[0.8140178322792053, 0.7711998820304871, 0.7517287731170654, 0.7421655654907227, 0.6909706592559814, 0.6719447374343872, 0.6245822310447693, 0.6199543476104736, 0.6170071363449097, 0.6059290170669556]",cnn_baseline_embed128,notebook2,cnn,baseline,128,single_center,ivfflat_nprobe1,ivfflat
multi_segment_same_track:106876:clean:1.00,106876,multi_segment_same_track,clean,1.0,3,31,False,33992,0.7085697650909424,"[33992, 140626, 94099, 131933, 131934, 48990, 60871, 68404, 82778, 127182]","[0.7085697650909424, 0.6644191741943359, 0.6400423049926758, 0.5956753492355347, 0.5621978044509888, 0.5547692775726318, 0.5538463592529297, 0.547954797744751, 0.543503999710083, 0.5387457609176636]",cnn_baseline_embed128,notebook2,cnn,baseline,128,single_center,ivfflat_nprobe1,ivfflat
multi_segment_same_track:110771:clean:1.00,110771,multi_segment_same_track,clean,1.0,3,31,False,140620,0.8535716533660889,"[140620, 110779, 42374, 112484, 65777, 154307, 7386, 154309, 145751, 108843]","[0.8535716533660889, 0.8462662696838379, 0.796583354473114, 0.791641116142273, 0.7744632959365845, 0.7501811981201172, 0.7472196817398071, 0.7419026494026184, 0.7398020029067993, 0.7204412221908569]",cnn_baseline_embed128,notebook2,cnn,baseline,128,single_center,ivfflat_nprobe1,ivfflat
multi_segment_same_track:111150:clean:1.00,111150,multi_segment_same_track,clean,1.0,3,31,False,66539,0.74873948097229,"[66539, 14744, 45149, 82462, 148082, 39607, 42139, 12066, 14602, 121915]","[0.74873948097229, 0.6833041310310364, 0.639061689376831, 0.6363061666488647, 0.6193355321884155, 0.611389696598053, 0.6078774333000183, 0.606265127658844, 0.5863680839538574, 0.5838698744773865]",cnn_baseline_embed128,notebook2,cnn,baseline,128,single_center,ivfflat_nprobe1,ivfflat
multi_segment_same_track:113273:clean:1.00,113273,multi_segment_same_track,clean,1.0,3,31,False,138023,0.8057687282562256,"[138023, 11505, 127181, 26904, 14734, 68896, 124186, 132117, 14735, 148611]","[0.8057687282562256, 0.7807247638702393, 0.7535141706466675, 0.671103298664093, 0.6258346438407898, 0.6146243810653687, 0.5954991579055786, 0.5864304900169373, 0.5842090249061584, 0.5642158389091492]",cnn_baseline_embed128,notebook2,cnn,baseline,128,single_center,ivfflat_nprobe1,ivfflat
multi_segment_same_track:116388:clean:1.00,116388,multi_segment_same_track,clean,1.0,3,31,False,138020,0.6776037216186523,"[138020, 7386, 7377, 154309, 110206, 154307, 85594, 110207, 128878, 86040]","[0.6776037216186523, 0.6569219827651978, 0.6450199484825134, 0.644000768661499, 0.6342509984970093, 0.5965279340744019, 0.5898488163948059, 0.5590811967849731, 0.5428598523139954, 0.5342527031898499]",cnn_baseline_embed128,notebook2,cnn,baseline,128,single_center,ivfflat_nprobe1,ivfflat
multi_segment_same_track:117251:clean:1.00,117251,multi_segment_same_track,clean,1.0,3,31,False,35204,0.8334829807281494,"[35204, 38825, 26905, 69303, 128881, 12692, 35545, 38782, 117252, 76363]","[0.8334829807281494, 0.759387731552124, 0.7333327531814575, 0.7155863046646118, 0.7061126828193665, 0.696344792842865, 0.6963411569595337, 0.6819393038749695, 0.6620237827301025, 0.6380427479743958]",cnn_baseline_embed128,notebook2,cnn,baseline,128,single_center,ivfflat_nprobe1,ivfflat
multi_segment_same_track:117887:clean:1.00,117887,multi_segment_same_track,clean,1.0,3,31,False,10441,0.6673583388328552,"[10441, 122155, 12487, 10480, 134796, 28692, 121926, 60875, 30316, 47526]","[0.6673583388328552, 0.6092508435249329, 0.5861256122589111, 0.5766613483428955, 0.5645412802696228, 0.553523600101471, 0.5330299139022827, 0.5236141681671143, 0.49286216497421265, 0.4889112710952759]",cnn_baseline_embed128,notebook2,cnn,baseline,128,single_center,ivfflat_nprobe1,ivfflat
multi_segment_same_track:119831:clean:1.00,119831,multi_segment_same_track,clean,1.0,3,31,False,119830,0.8711529970169067,"[119830, 116175, 127519, 126241, 63149, 128882, 127331, 67330, 118505, 12052]","[0.8711529970169067, 0.6990678310394287, 0.6806338429450989, 0.6605567932128906, 0.6434464454650879, 0.6132249236106873, 0.5989967584609985, 0.5778716802597046, 0.5692422389984131, 0.562257707118988]",cnn_baseline_embed128,notebook2,cnn,baseline,128,single_center,ivfflat_nprobe1,ivfflat
multi_segment_same_track:121930:clean:1.00,121930,multi_segment_same_track,clean,1.0,3,31,False,15094,0.7542533278465271,"[15094, 56929, 86118, 85594, 97286, 7386, 145068, 42377, 42374, 13708]","[0.7542533278465271, 0.7295839786529541, 0.6953149437904358, 0.6916631460189819, 0.68012535572052, 0.6784583926200867, 0.6608434319496155, 0.655146598815918, 0.6462490558624268, 0.6434555053710938]",cnn_baseline_embed128,notebook2,cnn,baseline,128,single_center,ivfflat_nprobe1,ivfflat
multi_segment_same_track:122510:clean:1.00,122510,multi_segment_same_track,clean,1.0,3,31,False,36966,0.8219844102859497,"[36966, 115002, 90527, 126240, 114974, 14601, 154309, 90526, 12518, 116175]","[0.8219844102859497, 0.782869815826416, 0.7825401425361633, 0.7694358825683594, 0.7423745393753052, 0.6991970539093018, 0.6943104267120361, 0.6755070686340332, 0.6718032956123352, 0.667616605758667]",cnn_baseline_embed128,notebook2,cnn,baseline,128,single_center,ivfflat_nprobe1,ivfflat
multi_segment_same_track:124186:clean:1.00,124186,multi_segment_same_track,clean,1.0,3,31,False,68404,0.7985749244689941,"[68404, 12052, 124185, 103521, 68894, 132448, 65777, 63252, 25055, 12488]","[0.7985749244689941, 0.7978646159172058, 0.7878736257553101, 0.7775936722755432, 0.7615273594856262, 0.7438522577285767, 0.7245381474494934, 0.7158177495002747, 0.6999114751815796, 0.6961460113525391]",cnn_baseline_embed128,notebook2,cnn,baseline,128,single_center,ivfflat_nprobe1,ivfflat
multi_segment_same_track:126240:clean:1.00,126240,multi_segment_same_track,clean,1.0,3,31,False,115290,0.8419984579086304,"[115290, 114223, 131476, 60536, 76363, 115293, 38833, 74002, 126242, 115289]","[0.8419984579086304, 0.8419984579086304, 0.8309457302093506, 0.8083853125572205, 0.8017569780349731, 0.7841035723686218, 0.7731833457946777, 0.7567076683044434, 0.743288516998291, 0.7270122766494751]",cnn_baseline_embed128,notebook2,cnn,baseline,128,single_center,ivfflat_nprobe1,ivfflat
multi_segment_same_track:127184:clean:1.00,127184,multi_segment_same_track,clean,1.0,3,31,False,13666,0.727631688117981,"[13666, 148613, 60536, 60537, 43519, 60871, 84152, 43765, 38784, 127182]","[0.727631688117981, 0.6868928074836731, 0.6246144771575928, 0.5928956866264343, 0.590425968170166, 0.5706731677055359, 0.5485366582870483, 0.5446447134017944, 0.5220418572425842, 0.5107090473175049]",cnn_baseline_embed128,notebook2,cnn,baseline,128,single_center,ivfflat_nprobe1,ivfflat
multi_segment_same_track:127330:clean:1.00,127330,multi_segment_same_track,clean,1.0,3,31,False,127181,0.7008864879608154,"[127181, 12513, 117887, 11020, 93518, 76131, 124186, 11505, 121922, 148082]","[0.7008864879608154, 0.6410605907440186, 0.6228101253509521, 0.5982195734977722, 0.5943590402603149, 0.5583286285400391, 0.5392718315124512, 0.5387187004089355, 0.523506760597229, 0.5082076787948608]",cnn_baseline_embed128,notebook2,cnn,baseline,128,single_center,ivfflat_nprobe1,ivfflat
multi_segment_same_track:127520:clean:1.00,127520,multi_segment_same_track,clean,1.0,3,31,False,63149,0.7250027656555176,"[63149, 11020, 128882, 127331, 134796, 11019, 11200, 39317, 132171, 42376]","[0.7250027656555176, 0.699720025062561, 0.661905825138092, 0.6461247205734253, 0.6428030729293823, 0.6380953788757324, 0.6096872091293335, 0.5980099439620972, 0.5840679407119751, 0.5823299884796143]",cnn_baseline_embed128,notebook2,cnn,baseline,128,single_center,ivfflat_nprobe1,ivfflat
multi_segment_same_track:128879:clean:1.00,128879,multi_segment_same_track,clean,1.0,3,31,False,115002,0.659600019454956,"[115002, 114974, 145477, 126241, 110776, 116175, 119830, 67336, 110743, 115011]","[0.659600019454956, 0.6519953608512878, 0.646956205368042, 0.6349031329154968, 0.6342166662216187, 0.6293596625328064, 0.6080242991447449, 0.588238537311554, 0.5730224847793579, 0.5691962242126465]",cnn_baseline_embed128,notebook2,cnn,baseline,128,single_center,ivfflat_nprobe1,ivfflat
multi_segment_same_track:128888:clean:1.00,128888,multi_segment_same_track,clean,1.0,3,31,False,145887,0.7806333303451538,"[145887, 127484, 64618, 128882, 127331, 16994, 48990, 148430, 140626, 145458]","[0.7806333303451538, 0.742337703704834, 0.7173661589622498, 0.6896880865097046, 0.6734685897827148, 0.6629855036735535, 0.6544137001037598, 0.6348279118537903, 0.6190943121910095, 0.6113982200622559]",cnn_baseline_embed128,notebook2,cnn,baseline,128,single_center,ivfflat_nprobe1,ivfflat
multi_segment_same_track:131932:clean:1.00,131932,multi_segment_same_track,clean,1.0,3,31,False,14733,0.7457895278930664,"[14733, 47471, 101951, 26906, 114976, 131936, 59562, 38777, 73521, 10481]","[0.7457895278930664, 0.6675681471824646, 0.6241477727890015, 0.6240266561508179, 0.6057785749435425, 0.5747789144515991, 0.5520006418228149, 0.5459030866622925, 0.5284053087234497, 0.5240195393562317]",cnn_baseline_embed128,notebook2,cnn,baseline,128,single_center,ivfflat_nprobe1,ivfflat
multi_segment_same_track:131935:clean:1.00,131935,multi_segment_same_track,clean,1.0,3,31,False,131934,0.8492715954780579,"[131934, 33992, 66535, 28692, 131933, 73522, 60875, 145068, 131936, 14742]","[0.8492715954780579, 0.7201881408691406, 0.7000525593757629, 0.6803603768348694, 0.662138044834137, 0.6565917134284973, 0.6525033712387085, 0.6481266021728516, 0.6363579034805298, 0.6256191730499268]",cnn_baseline_embed128,notebook2,cnn,baseline,128,single_center,ivfflat_nprobe1,ivfflat
multi_segment_same_track:147024:clean:1.00,147024,multi_segment_same_track,clean,1.0,3,31,False,68898,0.863218367099762,"[68898, 110764, 99095, 110084, 139934, 108842, 9155, 63159, 108495, 142534]","[0.863218367099762, 0.8230743408203125, 0.8208780288696289, 0.8173868656158447, 0.7573821544647217, 0.7347414493560791, 0.7299200296401978, 0.7217375040054321, 0.7206419706344604, 0.7194864749908447]",cnn_baseline_embed128,notebook2,cnn,baseline,128,single_center,ivfflat_nprobe1,ivfflat
multi_segment_same_track:148608:clean:1.00,148608,multi_segment_same_track,clean,1.0,3,31,False,12390,0.7927963733673096,"[12390, 39605, 19685, 13666, 148613, 63250, 10384, 68892, 73777, 117885]","[0.7927963733673096, 0.7809551358222961, 0.7660396695137024, 0.7465044260025024, 0.7262138724327087, 0.7116430401802063, 0.6860857009887695, 0.6804476976394653, 0.6776493787765503, 0.6712150573730469]",cnn_baseline_embed128,notebook2,cnn,baseline,128,single_center,ivfflat_nprobe1,ivfflat
multi_segment_same_track:148609:clean:1.00,148609,multi_segment_same_track,clean,1.0,3,31,False,82462,0.6394021511077881,"[82462, 84152, 150018, 148607, 147023, 148082, 43765, 139933, 66534, 67333]","[0.6394021511077881, 0.6141533255577087, 0.6068730354309082, 0.6001324653625488, 0.599514901638031, 0.5840451717376709, 0.5725588798522949, 0.5566747188568115, 0.5441872477531433, 0.5365327596664429]",cnn_baseline_embed128,notebook2,cnn,baseline,128,single_center,ivfflat_nprobe1,ivfflat
multi_segment_same_track:148611:clean:1.00,148611,multi_segment_same_track,clean,1.0,3,31,False,148612,0.8904988765716553,"[148612, 76129, 14735, 148608, 43859, 67331, 16338, 108847, 14738, 85593]","[0.8904988765716553, 0.7905815839767456, 0.786653995513916, 0.7784864902496338, 0.7631297707557678, 0.7603471279144287, 0.7571790218353271, 0.7481427192687988, 0.7395116686820984, 0.7053030133247375]",cnn_baseline_embed128,notebook2,cnn,baseline,128,single_center,ivfflat_nprobe1,ivfflat
multi_segment_same_track:154308:clean:1.00,154308,multi_segment_same_track,clean,1.0,3,31,False,68896,0.7851802110671997,"[68896, 145762, 112483, 145475, 10387, 108845, 122510, 42373, 85592, 154306]","[0.7851802110671997, 0.6758877038955688, 0.6636770963668823, 0.6248781681060791, 0.6238120198249817, 0.5954045057296753, 0.5756970643997192, 0.5469370484352112, 0.5410310626029968, 0.5394538044929504]",cnn_baseline_embed128,notebook2,cnn,baseline,128,single_center,ivfflat_nprobe1,ivfflat
multi_segment_same_track:7379:clean:2.00,7379,multi_segment_same_track,clean,2.0,3,31,False,112484,0.7969201803207397,"[112484, 110779, 112481, 40245, 140620, 38820, 141617, 154305, 40229, 115294]","[0.7969201803207397, 0.7552520632743835, 0.7392924427986145, 0.7242470979690552, 0.7143304347991943, 0.6930362582206726, 0.6879163980484009, 0.6733295917510986, 0.6706756353378296, 0.6564924716949463]",cnn_baseline_embed128,notebook2,cnn,baseline,128,single_center,ivfflat_nprobe1,ivfflat
multi_segment_same_track:28070:clean:2.00,28070,multi_segment_same_track,clean,2.0,3,31,False,66536,0.758243978023529,"[66536, 66535, 133772, 66534, 23041, 66537, 66538, 40240, 122143, 136054]","[0.758243978023529, 0.7395908832550049, 0.7310153841972351, 0.7299267053604126, 0.6342414617538452, 0.6099727749824524, 0.601544201374054, 0.5988380908966064, 0.5874693393707275, 0.5748703479766846]",cnn_baseline_embed128,notebook2,cnn,baseline,128,single_center,ivfflat_nprobe1,ivfflat
multi_segment_same_track:36966:clean:2.00,36966,multi_segment_same_track,clean,2.0,3,31,False,65779,0.781683087348938,"[65779, 119592, 21996, 148028, 85594, 7377, 7375, 108528, 12690, 73777]","[0.781683087348938, 0.751012921333313, 0.7361395359039307, 0.7123199105262756, 0.7122378349304199, 0.6970261335372925, 0.6909995079040527, 0.6830049157142639, 0.6691160202026367, 0.6670904755592346]",cnn_baseline_embed128,notebook2,cnn,baseline,128,single_center,ivfflat_nprobe1,ivfflat
multi_segment_same_track:38777:clean:2.00,38777,multi_segment_same_track,clean,2.0,3,31,False,103521,0.800174355506897,"[103521, 10386, 119828, 38824, 71420, 134791, 38833, 40239, 43520, 10385]","[0.800174355506897, 0.774449348449707, 0.7044792175292969, 0.6845484972000122, 0.6615898609161377, 0.6500910520553589, 0.6361132860183716, 0.6267145872116089, 0.6232578158378601, 0.6109275817871094]",cnn_baseline_embed128,notebook2,cnn,baseline,128,single_center,ivfflat_nprobe1,ivfflat
multi_segment_same_track:45934:clean:2.00,45934,multi_segment_same_track,clean,2.0,3,31,False,111154,0.8622422218322754,"[111154, 26906, 101951, 108846, 30316, 148031, 47526, 7375, 134796, 116528]","[0.8622422218322754, 0.7831437587738037, 0.7830254435539246, 0.7704848051071167, 0.7091609239578247, 0.7050355672836304, 0.6949225664138794, 0.6902426481246948, 0.6797354221343994, 0.6779496669769287]",cnn_baseline_embed128,notebook2,cnn,baseline,128,single_center,ivfflat_nprobe1,ivfflat
multi_segment_same_track:60476:clean:2.00,60476,multi_segment_same_track,clean,2.0,3,31,False,142534,0.8278677463531494,"[142534, 142361, 116390, 140609, 13708, 26861, 110764, 105144, 132171, 94803]","[0.8278677463531494, 0.8127670884132385, 0.7961910367012024, 0.7779691219329834, 0.7318636178970337, 0.7289102077484131, 0.7020788192749023, 0.7004582285881042, 0.7001674771308899, 0.6894938349723816]",cnn_baseline_embed128,notebook2,cnn,baseline,128,single_center,ivfflat_nprobe1,ivfflat
multi_segment_same_track:65265:clean:2.00,65265,multi_segment_same_track,clean,2.0,3,31,False,14744,0.7849450707435608,"[14744, 708, 43859, 10384, 67331, 68899, 82464, 148608, 11505, 138023]","[0.7849450707435608, 0.7177938222885132, 0.695607602596283, 0.6793825626373291, 0.6743637323379517, 0.658011794090271, 0.6382086873054504, 0.6374191045761108, 0.6348034143447876, 0.6331034898757935]",cnn_baseline_embed128,notebook2,cnn,baseline,128,single_center,ivfflat_nprobe1,ivfflat
multi_segment_same_track:65780:clean:2.00,65780,multi_segment_same_track,clean,2.0,3,31,False,110775,0.8536084294319153,"[110775, 65779, 112487, 30316, 42374, 21996, 39605, 154306, 110779, 85594]","[0.8536084294319153, 0.8472078442573547, 0.8287233114242554, 0.8135379552841187, 0.8061410188674927, 0.7772544622421265, 0.7765092849731445, 0.7704068422317505, 0.7539820671081543, 0.7390114068984985]",cnn_baseline_embed128,notebook2,cnn,baseline,128,single_center,ivfflat_nprobe1,ivfflat
multi_segment_same_track:84057:clean:2.00,84057,multi_segment_same_track,clean,2.0,3,31,False,68551,0.8146212100982666,"[68551, 42138, 13710, 68536, 111216, 13707, 147020, 28692, 13706, 13709]","[0.8146212100982666, 0.8135782480239868, 0.7936147451400757, 0.7749372124671936, 0.7674963474273682, 0.7617576718330383, 0.7537413239479065, 0.7523506283760071, 0.7501257061958313, 0.7366883754730225]",cnn_baseline_embed128,notebook2,cnn,baseline,128,single_center,ivfflat_nprobe1,ivfflat
multi_segment_same_track:110777:clean:2.00,110777,multi_segment_same_track,clean,2.0,3,31,False,57540,0.7357239723205566,"[57540, 144212, 140625, 108843, 145747, 99093, 35549, 111934, 108527, 42040]","[0.7357239723205566, 0.6774096488952637, 0.6722421646118164, 0.6630592346191406, 0.6318732500076294, 0.6313780546188354, 0.6233274936676025, 0.6128754019737244, 0.6121044158935547, 0.607579231262207]",cnn_baseline_embed128,notebook2,cnn,baseline,128,single_center,ivfflat_nprobe1,ivfflat
multi_segment_same_track:113279:clean:2.00,113279,multi_segment_same_track,clean,2.0,3,31,False,134791,0.7489607334136963,"[134791, 53229, 38824, 38782, 127331, 11019, 127519, 108846, 7391, 39317]","[0.7489607334136963, 0.7194106578826904, 0.689935564994812, 0.6850435733795166, 0.6840614080429077, 0.6677262783050537, 0.6630765795707703, 0.6565142869949341, 0.6563036441802979, 0.6325129866600037]",cnn_baseline_embed128,notebook2,cnn,baseline,128,single_center,ivfflat_nprobe1,ivfflat
multi_segment_same_track:116390:clean:2.00,116390,multi_segment_same_track,clean,2.0,3,31,False,40234,0.7748949527740479,"[40234, 147024, 12047, 140609, 142358, 147021, 7386, 10389, 108843, 42377]","[0.7748949527740479, 0.7506771087646484, 0.7294169664382935, 0.6692694425582886, 0.6463468074798584, 0.6431675553321838, 0.6378849744796753, 0.6314826011657715, 0.6265735626220703, 0.6246949434280396]",cnn_baseline_embed128,notebook2,cnn,baseline,128,single_center,ivfflat_nprobe1,ivfflat
multi_segment_same_track:128879:clean:2.00,128879,multi_segment_same_track,clean,2.0,3,31,False,128881,0.7677316069602966,"[128881, 38817, 38830, 74393, 110776, 122168, 110743, 38819, 38823, 134795]","[0.7677316069602966, 0.7286075353622437, 0.7020980715751648, 0.6955661773681641, 0.6929972171783447, 0.6839724183082581, 0.6783795356750488, 0.6730189323425293, 0.660515546798706, 0.6585912704467773]",cnn_baseline_embed128,notebook2,cnn,baseline,128,single_center,ivfflat_nprobe1,ivfflat
multi_segment_same_track:138022:clean:2.00,138022,multi_segment_same_track,clean,2.0,3,31,False,115926,0.8073317408561707,"[115926, 113262, 111146, 12048, 111148, 12067, 14741, 7381, 10388, 14738]","[0.8073317408561707, 0.775497317314148, 0.7537872791290283, 0.7387357950210571, 0.7052180767059326, 0.6928011178970337, 0.6922265291213989, 0.6900022625923157, 0.6819506883621216, 0.6563581228256226]",cnn_baseline_embed128,notebook2,cnn,baseline,128,single_center,ivfflat_nprobe1,ivfflat
multi_segment_same_track:142536:clean:2.00,142536,multi_segment_same_track,clean,2.0,3,31,False,12691,0.7632790207862854,"[12691, 98301, 12518, 23041, 40233, 12690, 98302, 84091, 120206, 3624]","[0.7632790207862854, 0.6628018617630005, 0.6435627937316895, 0.5869385004043579, 0.5808221697807312, 0.5301188230514526, 0.5244189500808716, 0.5115196704864502, 0.5074564814567566, 0.49870848655700684]",cnn_baseline_embed128,notebook2,cnn,baseline,128,single_center,ivfflat_nprobe1,ivfflat
multi_segment_same_track:148608:clean:2.00,148608,multi_segment_same_track,clean,2.0,3,31,False,12390,0.8756049275398254,"[12390, 148613, 73777, 63250, 30316, 117885, 39605, 108847, 13666, 117886]","[0.8756049275398254, 0.8218798041343689, 0.7709062099456787, 0.7519062757492065, 0.7473018169403076, 0.7249966859817505, 0.7189837694168091, 0.7116366624832153, 0.7054993510246277, 0.6966501474380493]",cnn_baseline_embed128,notebook2,cnn,baseline,128,single_center,ivfflat_nprobe1,ivfflat
multi_segment_same_track:12048:clean:1.00,12048,multi_segment_same_track,clean,1.0,3,31,False,7385,0.7391064167022705,"[7385, 103520, 10385, 90527, 57272, 12046, 86038, 86256, 10993, 148611]","[0.7391064167022705, 0.7097198963165283, 0.6632941961288452, 0.6520193815231323, 0.630092203617096, 0.6290483474731445, 0.6210534572601318, 0.6096090078353882, 0.58778977394104, 0.5826636552810669]",cnn_baseline_embed128,notebook2,cnn,baseline,128,single_center,ivfflat_nprobe4,ivfflat
multi_segment_same_track:23063:clean:1.00,23063,multi_segment_same_track,clean,1.0,3,31,False,103523,0.7861666679382324,"[103523, 40242, 10439, 10386, 43519, 43518, 122510, 63457, 43520, 43516]","[0.7861666679382324, 0.7221895456314087, 0.7004526853561401, 0.6959215402603149, 0.6946602463722229, 0.6762775182723999, 0.6756182312965393, 0.6751226186752319, 0.6743593215942383, 0.6715482473373413]",cnn_baseline_embed128,notebook2,cnn,baseline,128,single_center,ivfflat_nprobe4,ivfflat
multi_segment_same_track:12048:clean:1.00,12048,multi_segment_same_track,clean,1.0,3,31,False,7385,0.6724656820297241,"[7385, 103520, 12046, 10385, 90527, 86038, 86256, 148611, 111146, 10993]","[0.6724656820297241, 0.6483713984489441, 0.6202664971351624, 0.6058564186096191, 0.5970851182937622, 0.5968088507652283, 0.593085527420044, 0.5902509689331055, 0.5874931812286377, 0.5868942141532898]",cnn_baseline_embed128,notebook2,cnn,baseline,128,single_center,ivfpq_nprobe4,ivfpq
multi_segment_same_track:106876:clean:1.00,106876,multi_segment_same_track,clean,1.0,3,31,False,140626,0.6818126440048218,"[140626, 33992, 50752, 67333, 94099, 131933, 68404, 71711, 48990, 38781]","[0.6818126440048218, 0.6584241986274719, 0.6276811361312866, 0.6267410516738892, 0.6158861517906189, 0.602349042892456, 0.5802080631256104, 0.5779169797897339, 0.5735628008842468, 0.5712782740592957]",cnn_baseline_embed128,notebook2,cnn,baseline,128,single_center,ivfpq_nprobe4,ivfpq
multi_segment_same_track:131935:clean:1.00,131935,multi_segment_same_track,clean,1.0,3,31,False,131934,0.7429104447364807,"[131934, 66535, 131933, 33992, 28692, 131936, 60875, 73522, 145068, 122155]","[0.7429104447364807, 0.7135146260261536, 0.6971322894096375, 0.6729212403297424, 0.6702984571456909, 0.6684179902076721, 0.6603142619132996, 0.6554497480392456, 0.6554140448570251, 0.6509713530540466]",cnn_baseline_embed128,notebook2,cnn,baseline,128,single_center,ivfpq_nprobe4,ivfpq
multi_segment_same_track:7375:clean:1.00,7375,multi_segment_same_track,clean,1.0,3,31,False,142361,0.8454264998435974,"[142361, 36096, 145748, 40237, 150015, 145747, 99096, 108532, 140609, 42138]","[0.8454264998435974, 0.7970701456069946, 0.7567652463912964, 0.7458759546279907, 0.7454057931900024, 0.7440106868743896, 0.7397812604904175, 0.7359866499900818, 0.7296973466873169, 0.7214966416358948]",cnn_baseline_embed128,notebook2,cnn,baseline,128,multi3_even,ivfflat_nprobe1,ivfflat
multi_segment_same_track:7391:clean:1.00,7391,multi_segment_same_track,clean,1.0,3,31,False,110772,0.8386906385421753,"[110772, 108530, 110743, 121930, 85595, 18350, 140609, 144212, 110776, 36961]","[0.8386906385421753, 0.8383828997612, 0.7932795286178589, 0.762761116027832, 0.743812084197998, 0.7423825860023499, 0.7271969318389893, 0.7017731070518494, 0.694658637046814, 0.6907923221588135]",cnn_baseline_embed128,notebook2,cnn,baseline,128,multi3_even,ivfflat_nprobe1,ivfflat
multi_segment_same_track:11504:clean:1.00,11504,multi_segment_same_track,clean,1.0,3,31,False,12490,0.849413275718689,"[12490, 10388, 86038, 117251, 12067, 93522, 63456, 117626, 137630, 12061]","[0.849413275718689, 0.730394721031189, 0.6849629878997803, 0.672561526298523, 0.6586737632751465, 0.651302695274353, 0.6498227119445801, 0.6082500219345093, 0.6047478914260864, 0.5983291268348694]",cnn_baseline_embed128,notebook2,cnn,baseline,128,multi3_even,ivfflat_nprobe1,ivfflat
multi_segment_same_track:11508:clean:1.00,11508,multi_segment_same_track,clean,1.0,3,31,False,128881,0.7246899604797363,"[128881, 38827, 12484, 14743, 14740, 138021, 38824, 126242, 117883, 14734]","[0.7246899604797363, 0.7088998556137085, 0.6983839273452759, 0.6947792172431946, 0.6728683710098267, 0.6685524582862854, 0.6638292074203491, 0.6496244668960571, 0.6361603736877441, 0.6123101711273193]",cnn_baseline_embed128,notebook2,cnn,baseline,128,multi3_even,ivfflat_nprobe1,ivfflat
multi_segment_same_track:12518:clean:1.00,12518,multi_segment_same_track,clean,1.0,3,31,False,28179,0.8345707058906555,"[28179, 147021, 68892, 108525, 154307, 42373, 110086, 119584, 63159, 110779]","[0.8345707058906555, 0.7709070444107056, 0.7463427782058716, 0.744389533996582, 0.7073055505752563, 0.6747233867645264, 0.6707231402397156, 0.6600832939147949, 0.6356538534164429, 0.6331543326377869]",cnn_baseline_embed128,notebook2,cnn,baseline,128,multi3_even,ivfflat_nprobe1,ivfflat
multi_segment_same_track:12690:clean:1.00,12690,multi_segment_same_track,clean,1.0,3,31,False,63258,0.8077191114425659,"[63258, 128878, 10385, 10381, 12050, 63457, 92366, 63253, 40245, 45934]","[0.8077191114425659, 0.7661503553390503, 0.762895941734314, 0.7605952024459839, 0.7342422604560852, 0.732359766960144, 0.7107518911361694, 0.7030555605888367, 0.7001789808273315, 0.6921807527542114]",cnn_baseline_embed128,notebook2,cnn,baseline,128,multi3_even,ivfflat_nprobe1,ivfflat
multi_segment_same_track:12691:clean:1.00,12691,multi_segment_same_track,clean,1.0,3,31,False,110764,0.8337398767471313,"[110764, 147023, 110743, 14690, 142533, 65777, 140620, 7386, 110775, 140625]","[0.8337398767471313, 0.7689887881278992, 0.7577587366104126, 0.7464762926101685, 0.716855525970459, 0.7123456597328186, 0.710443377494812, 0.7053810954093933, 0.6970399618148804, 0.6915150284767151]",cnn_baseline_embed128,notebook2,cnn,baseline,128,multi3_even,ivfflat_nprobe1,ivfflat
multi_segment_same_track:41019:clean:1.00,41019,multi_segment_same_track,clean,1.0,3,31,False,110768,0.8326452970504761,"[110768, 15094, 108495, 149626, 49477, 142361, 110744, 142359, 99095, 110764]","[0.8326452970504761, 0.7942437529563904, 0.791878342628479, 0.7292894721031189, 0.703606128692627, 0.6937055587768555, 0.686586856842041, 0.6841334104537964, 0.6782405376434326, 0.6612355709075928]",cnn_baseline_embed128,notebook2,cnn,baseline,128,multi3_even,ivfflat_nprobe1,ivfflat
multi_segment_same_track:46720:clean:1.00,46720,multi_segment_same_track,clean,1.0,3,31,False,134797,0.7954953908920288,"[134797, 42375, 148028, 36096, 119592, 108457, 110771, 65779, 21996, 140623]","[0.7954953908920288, 0.7244760990142822, 0.7236936092376709, 0.683843195438385, 0.6653259992599487, 0.6630558371543884, 0.6504302620887756, 0.6367425322532654, 0.6327198147773743, 0.6251112222671509]",cnn_baseline_embed128,notebook2,cnn,baseline,128,multi3_even,ivfflat_nprobe1,ivfflat
multi_segment_same_track:67334:clean:1.00,67334,multi_segment_same_track,clean,1.0,3,31,False,68899,0.8222512602806091,"[68899, 117251, 148606, 16997, 14603, 38820, 14602, 7373, 93522, 38778]","[0.8222512602806091, 0.6983495354652405, 0.6709297299385071, 0.6580504775047302, 0.6047977805137634, 0.5988907814025879, 0.5862910151481628, 0.5779019594192505, 0.5625762939453125, 0.5481452941894531]",cnn_baseline_embed128,notebook2,cnn,baseline,128,multi3_even,ivfflat_nprobe1,ivfflat
multi_segment_same_track:69223:clean:1.00,69223,multi_segment_same_track,clean,1.0,3,31,False,65777,0.7876793146133423,"[65777, 108528, 140620, 132171, 40845, 112484, 39605, 85594, 105141, 140625]","[0.7876793146133423, 0.7791764736175537, 0.7582986354827881, 0.7572436928749084, 0.7379069924354553, 0.7231443524360657, 0.717566728591919, 0.7174718379974365, 0.7017655372619629, 0.6982787847518921]",cnn_baseline_embed128,notebook2,cnn,baseline,128,multi3_even,ivfflat_nprobe1,ivfflat
multi_segment_same_track:74374:clean:1.00,74374,multi_segment_same_track,clean,1.0,3,31,False,38784,0.6895686984062195,"[38784, 120206, 892, 42376, 84091, 90617, 103520, 117884, 60872, 76130]","[0.6895686984062195, 0.6627920269966125, 0.6597960591316223, 0.6453567743301392, 0.634899377822876, 0.6222032308578491, 0.6078860759735107, 0.5964304208755493, 0.592854917049408, 0.5817221403121948]",cnn_baseline_embed128,notebook2,cnn,baseline,128,multi3_even,ivfflat_nprobe1,ivfflat
multi_segment_same_track:121929:clean:1.00,121929,multi_segment_same_track,clean,1.0,3,31,False,93519,0.696231484413147,"[93519, 704, 93520, 121913, 93523, 43768, 93521, 63064, 85309, 93522]","[0.696231484413147, 0.690127968788147, 0.6680594682693481, 0.6611423492431641, 0.6305108666419983, 0.5967375040054321, 0.5838102698326111, 0.574317455291748, 0.5660269856452942, 0.5627377033233643]",cnn_baseline_embed128,notebook2,cnn,baseline,128,multi3_even,ivfflat_nprobe1,ivfflat
multi_segment_same_track:140621:clean:1.00,140621,multi_segment_same_track,clean,1.0,3,31,False,13706,0.8582683801651001,"[13706, 13709, 111216, 23862, 110084, 147020, 1249, 40844, 147024, 110765]","[0.8582683801651001, 0.8524459600448608, 0.8415640592575073, 0.8277871608734131, 0.8240902423858643, 0.8150134086608887, 0.8096093535423279, 0.8025544881820679, 0.7809800505638123, 0.7770804166793823]",cnn_baseline_embed128,notebook2,cnn,baseline,128,multi3_even,ivfflat_nprobe1,ivfflat
multi_segment_same_track:145751:clean:1.00,145751,multi_segment_same_track,clean,1.0,3,31,False,82780,0.8389358520507812,"[82780, 110084, 76128, 142362, 36998, 117943, 124184, 43859, 110764, 108495]","[0.8389358520507812, 0.8179806470870972, 0.8109868764877319, 0.7975934743881226, 0.7589374780654907, 0.7583723068237305, 0.7331516742706299, 0.7300601005554199, 0.7282341718673706, 0.7261211276054382]",cnn_baseline_embed128,notebook2,cnn,baseline,128,multi3_even,ivfflat_nprobe1,ivfflat
multi_segment_same_track:148606:clean:1.00,148606,multi_segment_same_track,clean,1.0,3,31,False,103519,0.7357946634292603,"[103519, 40238, 134792, 42135, 122510, 45152, 145762, 36959, 35544, 116528]","[0.7357946634292603, 0.7015368938446045, 0.6711757183074951, 0.6694871187210083, 0.6490241885185242, 0.6435987949371338, 0.605242133140564, 0.6014602184295654, 0.6007019281387329, 0.5843136310577393]",cnn_baseline_embed128,notebook2,cnn,baseline,128,multi3_even,ivfflat_nprobe1,ivfflat
multi_segment_same_track:148608:clean:1.00,148608,multi_segment_same_track,clean,1.0,3,31,False,76131,0.8003379106521606,"[76131, 39605, 127184, 139933, 13666, 112790, 45934, 73777, 68892, 65779]","[0.8003379106521606, 0.7809551358222961, 0.7792329788208008, 0.764136791229248, 0.7465044260025024, 0.7181663513183594, 0.6914974451065063, 0.6827795505523682, 0.6804476976394653, 0.6695654988288879]",cnn_baseline_embed128,notebook2,cnn,baseline,128,multi3_even,ivfflat_nprobe1,ivfflat
multi_segment_same_track:149625:clean:1.00,149625,multi_segment_same_track,clean,1.0,3,31,False,42374,0.882553219795227,"[42374, 147022, 140620, 65780, 140625, 110771, 110779, 110764, 85594, 140609]","[0.882553219795227, 0.8556469678878784, 0.834045946598053, 0.7933192253112793, 0.7615119218826294, 0.729535698890686, 0.7276919484138489, 0.7221744060516357, 0.7215886116027832, 0.7165912985801697]",cnn_baseline_embed128,notebook2,cnn,baseline,128,multi3_even,ivfflat_nprobe1,ivfflat
multi_segment_same_track:21998:clean:2.00,21998,multi_segment_same_track,clean,2.0,3,31,False,99096,0.8896998167037964,"[99096, 142361, 134796, 12047, 71503, 13707, 110778, 12051, 145751, 108530]","[0.8896998167037964, 0.8184795379638672, 0.8067008852958679, 0.7833101749420166, 0.7665414810180664, 0.7517572045326233, 0.7483970522880554, 0.7469228506088257, 0.7350524663925171, 0.7339482307434082]",cnn_baseline_embed128,notebook2,cnn,baseline,128,multi3_even,ivfflat_nprobe1,ivfflat
multi_segment_same_track:148608:clean:2.00,148608,multi_segment_same_track,clean,2.0,3,31,False,12390,0.8756049275398254,"[12390, 148613, 63250, 16994, 16995, 140626, 19685, 10384, 104434, 117884]","[0.8756049275398254, 0.8218798041343689, 0.7519062757492065, 0.7515859007835388, 0.6992796659469604, 0.6947681307792664, 0.6940737366676331, 0.6855614185333252, 0.6806900501251221, 0.6788541078567505]",cnn_baseline_embed128,notebook2,cnn,baseline,128,multi3_even,ivfflat_nprobe1,ivfflat
multi_segment_same_track:148608:clean:1.00,148608,multi_segment_same_track,clean,1.0,3,31,False,76131,0.8003379106521606,"[76131, 139933, 12390, 14742, 39605, 127184, 19685, 84152, 13328, 13666]","[0.8003379106521606, 0.796947717666626, 0.7927963733673096, 0.7865463495254517, 0.7809551358222961, 0.7792329788208008, 0.7660396695137024, 0.7553897500038147, 0.7513631582260132, 0.7465044260025024]",cnn_baseline_embed128,notebook2,cnn,baseline,128,multi3_even,ivfflat_nprobe4,ivfflat
multi_segment_same_track:148608:clean:1.00,148608,multi_segment_same_track,clean,1.0,3,31,False,76131,0.8003379106521606,"[76131, 139933, 12390, 14742, 39605, 127184, 19685, 117886, 84152, 13328]","[0.8003379106521606, 0.796947717666626, 0.7927963733673096, 0.7865463495254517, 0.7809551358222961, 0.7792329788208008, 0.7660396695137024, 0.7573130130767822, 0.7553897500038147, 0.7513631582260132]",cnn_baseline_embed128,notebook2,cnn,baseline,128,multi3_even,ivfflat_nprobe8,ivfflat
multi_segment_same_track:7375:clean:1.00,7375,multi_segment_same_track,clean,1.0,3,31,False,142361,0.8788489103317261,"[142361, 36096, 42374, 145748, 99096, 11200, 149626, 14601, 140620, 147022]","[0.8788489103317261, 0.8380634784698486, 0.7929245233535767, 0.7722159028053284, 0.7589503526687622, 0.7589219808578491, 0.7519455552101135, 0.7513604164123535, 0.7493125796318054, 0.747969925403595]",cnn_baseline_embed128,notebook2,cnn,baseline,128,multi3_even,ivfpq_nprobe4,ivfpq
multi_segment_same_track:148608:clean:1.00,148608,multi_segment_same_track,clean,1.0,3,31,False,19685,0.8034429550170898,"[19685, 39605, 13328, 148613, 12390, 13666, 139933, 14742, 127184, 124184]","[0.8034429550170898, 0.8002204895019531, 0.7908886671066284, 0.7906231880187988, 0.7856860756874084, 0.7672426700592041, 0.7569047808647156, 0.7255751490592957, 0.725146472454071, 0.7210211157798767]",cnn_baseline_embed128,notebook2,cnn,baseline,128,multi3_even,ivfpq_nprobe4,ivfpq
multi_segment_same_track:12060:clean:1.00,12060,multi_segment_same_track,clean,1.0,3,31,False,10682,0.9236977696418762,"[10682, 53229, 38781, 38830, 12051, 38819, 60874, 10443, 41310, 38817]","[0.9236977696418762, 0.9190739393234253, 0.9133903384208679, 0.9097740054130554, 0.9094527363777161, 0.9026745557785034, 0.9020220637321472, 0.9013955593109131, 0.9012150168418884, 0.8988503813743591]",frozen_mert_extended_embed128,notebook2,frozen_mert,extended_existing,128,single_center,exact_ip,exact_ip
multi_segment_same_track:13710:clean:1.00,13710,multi_segment_same_track,clean,1.0,3,31,False,94102,0.8107478618621826,"[94102, 111938, 48293, 131936, 147261, 111935, 63457, 23041, 108460, 110776]","[0.8107478618621826, 0.805094301700592, 0.8040695786476135, 0.7919700741767883, 0.7873029112815857, 0.7765845060348511, 0.7722828984260559, 0.7560858726501465, 0.750122606754303, 0.7499421834945679]",frozen_mert_extended_embed128,notebook2,frozen_mert,extended_existing,128,single_center,exact_ip,exact_ip
multi_segment_same_track:14740:clean:1.00,14740,multi_segment_same_track,clean,1.0,3,31,False,117886,0.9133797287940979,"[117886, 23041, 12050, 38782, 12065, 12484, 47526, 131936, 12049, 40235]","[0.9133797287940979, 0.9068758487701416, 0.8739821910858154, 0.8663790822029114, 0.8646413087844849, 0.8506032824516296, 0.8386699557304382, 0.8370531797409058, 0.8299117684364319, 0.8279525637626648]",frozen_mert_extended_embed128,notebook2,frozen_mert,extended_existing,128,single_center,exact_ip,exact_ip
multi_segment_same_track:14741:clean:1.00,14741,multi_segment_same_track,clean,1.0,3,31,False,85309,0.9149022102355957,"[85309, 12691, 63253, 36998, 148613, 69223, 21998, 110777, 110774, 140925]","[0.9149022102355957, 0.9036828279495239, 0.8841058015823364, 0.8617924451828003, 0.8570594787597656, 0.8535234928131104, 0.8465840220451355, 0.8323031067848206, 0.8316444158554077, 0.8231868743896484]",frozen_mert_extended_embed128,notebook2,frozen_mert,extended_existing,128,single_center,exact_ip,exact_ip
multi_segment_same_track:28070:clean:1.00,28070,multi_segment_same_track,clean,1.0,3,31,False,12513,0.9436368942260742,"[12513, 10439, 40242, 116527, 10384, 892, 95535, 117883, 106872, 10993]","[0.9436368942260742, 0.9225829243659973, 0.9221640825271606, 0.9195472002029419, 0.909175455570221, 0.9057808518409729, 0.9033553004264832, 0.8796905875205994, 0.8720619678497314, 0.8646110892295837]",frozen_mert_extended_embed128,notebook2,frozen_mert,extended_existing,128,single_center,exact_ip,exact_ip
multi_segment_same_track:35550:clean:1.00,35550,multi_segment_same_track,clean,1.0,3,31,False,41310,0.9177039265632629,"[41310, 12051, 60537, 38819, 128885, 134792, 69303, 56895, 98346, 10682]","[0.9177039265632629, 0.9005613327026367, 0.8702329993247986, 0.8676550984382629, 0.8625745177268982, 0.8590973615646362, 0.8549352288246155, 0.8546777963638306, 0.8473063111305237, 0.8388597369194031]",frozen_mert_extended_embed128,notebook2,frozen_mert,extended_existing,128,single_center,exact_ip,exact_ip
multi_segment_same_track:36965:clean:1.00,36965,multi_segment_same_track,clean,1.0,3,31,False,140923,0.933842122554779,"[140923, 112488, 65780, 141619, 154303, 85599, 124392, 103521, 60872, 76128]","[0.933842122554779, 0.9297508597373962, 0.9159069061279297, 0.8833137154579163, 0.8800370693206787, 0.8775778412818909, 0.8668829202651978, 0.8663793802261353, 0.861983060836792, 0.861769437789917]",frozen_mert_extended_embed128,notebook2,frozen_mert,extended_existing,128,single_center,exact_ip,exact_ip
multi_segment_same_track:42373:clean:1.00,42373,multi_segment_same_track,clean,1.0,3,31,False,14737,0.9025570750236511,"[14737, 124185, 26906, 1075, 60533, 86117, 73779, 86116, 145747, 110772]","[0.9025570750236511, 0.8992280960083008, 0.8824196457862854, 0.8741016983985901, 0.8656612634658813, 0.8585252165794373, 0.8573111295700073, 0.8555535674095154, 0.8517836928367615, 0.8372750282287598]",frozen_mert_extended_embed128,notebook2,frozen_mert,extended_existing,128,single_center,exact_ip,exact_ip
multi_segment_same_track:48990:clean:1.00,48990,multi_segment_same_track,clean,1.0,3,31,False,42139,0.9197619557380676,"[42139, 98301, 41019, 42138, 149626, 110205, 110764, 14601, 39607, 110768]","[0.9197619557380676, 0.8928799033164978, 0.8882018327713013, 0.8830602765083313, 0.8732542395591736, 0.8619722723960876, 0.8524073958396912, 0.8489366769790649, 0.8472335934638977, 0.8353512287139893]",frozen_mert_extended_embed128,notebook2,frozen_mert,extended_existing,128,single_center,exact_ip,exact_ip
multi_segment_same_track:50752:clean:1.00,50752,multi_segment_same_track,clean,1.0,3,31,False,53586,0.8628048896789551,"[53586, 85595, 21998, 121930, 36097, 12690, 7378, 71420, 110774, 137627]","[0.8628048896789551, 0.8569256663322449, 0.8459347486495972, 0.845482349395752, 0.8342505097389221, 0.8317667841911316, 0.8297584056854248, 0.8222482204437256, 0.8146862983703613, 0.8063384890556335]",frozen_mert_extended_embed128,notebook2,frozen_mert,extended_existing,128,single_center,exact_ip,exact_ip
multi_segment_same_track:60533:clean:1.00,60533,multi_segment_same_track,clean,1.0,3,31,False,38780,0.9327333569526672,"[38780, 127182, 43519, 12047, 38828, 40244, 40237, 63149, 38783, 12514]","[0.9327333569526672, 0.9207164645195007, 0.9100058674812317, 0.9084265232086182, 0.9083357453346252, 0.8926199674606323, 0.8900942206382751, 0.8882938027381897, 0.8873470425605774, 0.8839845061302185]",frozen_mert_extended_embed128,notebook2,frozen_mert,extended_existing,128,single_center,exact_ip,exact_ip
multi_segment_same_track:60536:clean:1.00,60536,multi_segment_same_track,clean,1.0,3,31,False,38822,0.9407587051391602,"[38822, 38818, 38778, 90616, 90527, 10682, 117886, 38819, 10441, 134792]","[0.9407587051391602, 0.8819472193717957, 0.8780814409255981, 0.8697010278701782, 0.8663033246994019, 0.8653798699378967, 0.8651517033576965, 0.8609960079193115, 0.8590878248214722, 0.853907585144043]",frozen_mert_extended_embed128,notebook2,frozen_mert,extended_existing,128,single_center,exact_ip,exact_ip
multi_segment_same_track:60875:clean:1.00,60875,multi_segment_same_track,clean,1.0,3,31,False,12052,0.9164013266563416,"[12052, 38779, 60535, 127183, 134486, 43520, 43521, 42463, 36799, 38830]","[0.9164013266563416, 0.8913671970367432, 0.8728390336036682, 0.8636723160743713, 0.8573276996612549, 0.8548148274421692, 0.8492065668106079, 0.8346086144447327, 0.828845739364624, 0.825843870639801]",frozen_mert_extended_embed128,notebook2,frozen_mert,extended_existing,128,single_center,exact_ip,exact_ip
multi_segment_same_track:66717:clean:1.00,66717,multi_segment_same_track,clean,1.0,3,31,False,115002,0.9344133734703064,"[115002, 112481, 140620, 40845, 112484, 16340, 65779, 15094, 68891, 76129]","[0.9344133734703064, 0.9341705441474915, 0.9175512194633484, 0.9001038074493408, 0.8844372630119324, 0.8796016573905945, 0.8653634190559387, 0.8605222105979919, 0.8601395487785339, 0.8599793910980225]",frozen_mert_extended_embed128,notebook2,frozen_mert,extended_existing,128,single_center,exact_ip,exact_ip
multi_segment_same_track:68587:clean:1.00,68587,multi_segment_same_track,clean,1.0,3,31,False,42146,0.9222013354301453,"[42146, 98346, 66539, 10383, 104434, 40244, 10384, 53586, 114974, 35545]","[0.9222013354301453, 0.9124584794044495, 0.9039576053619385, 0.894442081451416, 0.8937097191810608, 0.8842594623565674, 0.8811553120613098, 0.8763977289199829, 0.8700218200683594, 0.8660613298416138]",frozen_mert_extended_embed128,notebook2,frozen_mert,extended_existing,128,single_center,exact_ip,exact_ip
multi_segment_same_track:69221:clean:1.00,69221,multi_segment_same_track,clean,1.0,3,31,False,112483,0.8860780000686646,"[112483, 14734, 63258, 93520, 40242, 63159, 122107, 141619, 40229, 10383]","[0.8860780000686646, 0.879503071308136, 0.878946840763092, 0.8750714659690857, 0.869516134262085, 0.8628063797950745, 0.8623155355453491, 0.8607107400894165, 0.8602109551429749, 0.8595832586288452]",frozen_mert_extended_embed128,notebook2,frozen_mert,extended_existing,128,single_center,exact_ip,exact_ip
multi_segment_same_track:69222:clean:1.00,69222,multi_segment_same_track,clean,1.0,3,31,False,38820,0.9035744667053223,"[38820, 12058, 40238, 10385, 40244, 12067, 43767, 12049, 12046, 12508]","[0.9035744667053223, 0.8936723470687866, 0.8843428492546082, 0.8824049234390259, 0.8800258636474609, 0.8672600984573364, 0.8610534071922302, 0.8604617118835449, 0.859373152256012, 0.8473649621009827]",frozen_mert_extended_embed128,notebook2,frozen_mert,extended_existing,128,single_center,exact_ip,exact_ip
multi_segment_same_track:71371:clean:1.00,71371,multi_segment_same_track,clean,1.0,3,31,False,124392,0.9331625699996948,"[124392, 13707, 137624, 38781, 10678, 60874, 10485, 10992, 28802, 136054]","[0.9331625699996948, 0.9304080605506897, 0.9250171780586243, 0.9213550090789795, 0.9121330976486206, 0.911421000957489, 0.9051058292388916, 0.9023866653442383, 0.8993692994117737, 0.8981302976608276]",frozen_mert_extended_embed128,notebook2,frozen_mert,extended_existing,128,single_center,exact_ip,exact_ip
multi_segment_same_track:73494:clean:1.00,73494,multi_segment_same_track,clean,1.0,3,31,False,103523,0.8701089024543762,"[103523, 40243, 83898, 57274, 141617, 148609, 43518, 43520, 148612, 154306]","[0.8701089024543762, 0.8378883004188538, 0.8212559819221497, 0.8111053109169006, 0.8018920421600342, 0.8012849688529968, 0.7956811189651489, 0.7883068323135376, 0.78505939245224, 0.7792215347290039]",frozen_mert_extended_embed128,notebook2,frozen_mert,extended_existing,128,single_center,exact_ip,exact_ip
multi_segment_same_track:74374:clean:1.00,74374,multi_segment_same_track,clean,1.0,3,31,False,56895,0.9110888838768005,"[56895, 90616, 40240, 12053, 111934, 117886, 76363, 38818, 38778, 38819]","[0.9110888838768005, 0.8842564821243286, 0.8716177940368652, 0.866421639919281, 0.8663639426231384, 0.862041711807251, 0.8597865104675293, 0.855344831943512, 0.848023533821106, 0.8448877930641174]",frozen_mert_extended_embed128,notebook2,frozen_mert,extended_existing,128,single_center,exact_ip,exact_ip
multi_segment_same_track:108461:clean:1.00,108461,multi_segment_same_track,clean,1.0,3,31,False,35545,0.9487568140029907,"[35545, 43519, 127180, 85600, 38819, 38785, 38777, 44777, 116177, 42375]","[0.9487568140029907, 0.9452796578407288, 0.9170580506324768, 0.9055420160293579, 0.9038813710212708, 0.8957168459892273, 0.8861047029495239, 0.8783653974533081, 0.8671375513076782, 0.8609722256660461]",frozen_mert_extended_embed128,notebook2,frozen_mert,extended_existing,128,single_center,exact_ip,exact_ip
multi_segment_same_track:110778:clean:1.00,110778,multi_segment_same_track,clean,1.0,3,31,False,140621,0.9330881834030151,"[140621, 145750, 110085, 142360, 140609, 147021, 108843, 108845, 110771, 110756]","[0.9330881834030151, 0.9287156462669373, 0.920529842376709, 0.9202163219451904, 0.9176766872406006, 0.9108964204788208, 0.9092132449150085, 0.9038763046264648, 0.8933279514312744, 0.8917294144630432]",frozen_mert_extended_embed128,notebook2,frozen_mert,extended_existing,128,single_center,exact_ip,exact_ip
multi_segment_same_track:111934:clean:1.00,111934,multi_segment_same_track,clean,1.0,3,31,False,38818,0.909103512763977,"[38818, 110772, 60476, 117886, 76128, 127182, 99093, 122155, 11504, 43518]","[0.909103512763977, 0.878021776676178, 0.8765162825584412, 0.8608203530311584, 0.8545321822166443, 0.8521718382835388, 0.8488230109214783, 0.8458188772201538, 0.8396252989768982, 0.839302659034729]",frozen_mert_extended_embed128,notebook2,frozen_mert,extended_existing,128,single_center,exact_ip,exact_ip
multi_segment_same_track:113275:clean:1.00,113275,multi_segment_same_track,clean,1.0,3,31,False,12486,0.9188740253448486,"[12486, 38782, 40238, 43767, 42129, 12058, 35182, 103522, 35550, 40245]","[0.9188740253448486, 0.909647524356842, 0.8977181911468506, 0.8748323321342468, 0.8696083426475525, 0.8685126304626465, 0.8503821492195129, 0.8498543500900269, 0.8498437404632568, 0.8429161310195923]",frozen_mert_extended_embed128,notebook2,frozen_mert,extended_existing,128,single_center,exact_ip,exact_ip
multi_segment_same_track:116407:clean:1.00,116407,multi_segment_same_track,clean,1.0,3,31,False,112483,0.9229504466056824,"[112483, 12691, 28266, 85309, 74393, 112488, 26861, 108847, 141619, 145747]","[0.9229504466056824, 0.9077022671699524, 0.8931863307952881, 0.8898913860321045, 0.8878949284553528, 0.8794814944267273, 0.8721189498901367, 0.8715111613273621, 0.8673108220100403, 0.8546019792556763]",frozen_mert_extended_embed128,notebook2,frozen_mert,extended_existing,128,single_center,exact_ip,exact_ip
multi_segment_same_track:117943:clean:1.00,117943,multi_segment_same_track,clean,1.0,3,31,False,108528,0.9050545692443848,"[108528, 42018, 68892, 65780, 112485, 36961, 76130, 45149, 108847, 11505]","[0.9050545692443848, 0.8849330544471741, 0.8838769197463989, 0.8834158778190613, 0.8606458902359009, 0.8441916704177856, 0.8422709107398987, 0.8394139409065247, 0.8391352891921997, 0.8390874862670898]",frozen_mert_extended_embed128,notebook2,frozen_mert,extended_existing,128,single_center,exact_ip,exact_ip
multi_segment_same_track:119584:clean:1.00,119584,multi_segment_same_track,clean,1.0,3,31,False,128880,0.9641004800796509,"[128880, 119831, 145457, 116528, 86416, 117251, 127520, 145777, 86116, 85598]","[0.9641004800796509, 0.9560303092002869, 0.8918536901473999, 0.8676815629005432, 0.8603372573852539, 0.85219407081604, 0.8385205268859863, 0.8382334113121033, 0.8267373442649841, 0.8245962262153625]",frozen_mert_extended_embed128,notebook2,frozen_mert,extended_existing,128,single_center,exact_ip,exact_ip
multi_segment_same_track:126242:clean:1.00,126242,multi_segment_same_track,clean,1.0,3,31,False,93522,0.9563271403312683,"[93522, 134795, 122510, 38829, 113279, 90527, 103521, 53229, 10383, 138018]","[0.9563271403312683, 0.9349983334541321, 0.920056939125061, 0.9045650959014893, 0.8853559494018555, 0.8803128004074097, 0.8774877190589905, 0.8631913661956787, 0.8519489765167236, 0.850830614566803]",frozen_mert_extended_embed128,notebook2,frozen_mert,extended_existing,128,single_center,exact_ip,exact_ip
multi_segment_same_track:127183:clean:1.00,127183,multi_segment_same_track,clean,1.0,3,31,False,40233,0.9595491290092468,"[40233, 134792, 10384, 12061, 10383, 10993, 60537, 12487, 144592, 56895]","[0.9595491290092468, 0.9270064830780029, 0.9196321964263916, 0.9190839529037476, 0.9152951240539551, 0.9069835543632507, 0.905659019947052, 0.905298113822937, 0.8992810249328613, 0.8938246369361877]",frozen_mert_extended_embed128,notebook2,frozen_mert,extended_existing,128,single_center,exact_ip,exact_ip
multi_segment_same_track:127187:clean:1.00,127187,multi_segment_same_track,clean,1.0,3,31,False,134486,0.8872252106666565,"[134486, 128880, 119831, 85599, 137630, 67457, 85598, 134791, 115926, 117251]","[0.8872252106666565, 0.885319173336029, 0.8807674646377563, 0.8748693466186523, 0.8671384453773499, 0.852525532245636, 0.8489450812339783, 0.8448972702026367, 0.8404236435890198, 0.8377244472503662]",frozen_mert_extended_embed128,notebook2,frozen_mert,extended_existing,128,single_center,exact_ip,exact_ip
multi_segment_same_track:127189:clean:1.00,127189,multi_segment_same_track,clean,1.0,3,31,False,38834,0.8924870491027832,"[38834, 12488, 53228, 145762, 145887, 130752, 126242, 68894, 127181, 12048]","[0.8924870491027832, 0.8913072347640991, 0.8837983012199402, 0.8536911606788635, 0.8535000681877136, 0.8498556017875671, 0.843921959400177, 0.8322893977165222, 0.821194589138031, 0.8088867664337158]",frozen_mert_extended_embed128,notebook2,frozen_mert,extended_existing,128,single_center,exact_ip,exact_ip
multi_segment_same_track:127520:clean:1.00,127520,multi_segment_same_track,clean,1.0,3,31,False,126243,0.9043235778808594,"[126243, 12488, 48999, 138020, 124392, 10387, 40245, 12053, 10383, 69303]","[0.9043235778808594, 0.881546139717102, 0.8610888719558716, 0.8546434044837952, 0.8529638648033142, 0.8492525815963745, 0.8488585352897644, 0.8481249213218689, 0.8470634818077087, 0.8456594347953796]",frozen_mert_extended_embed128,notebook2,frozen_mert,extended_existing,128,single_center,exact_ip,exact_ip
multi_segment_same_track:132117:clean:1.00,132117,multi_segment_same_track,clean,1.0,3,31,False,149626,0.9240861535072327,"[149626, 90617, 137624, 82780, 119584, 142361, 21997, 13711, 20667, 41019]","[0.9240861535072327, 0.9115825891494751, 0.9105008840560913, 0.9036889672279358, 0.8915817737579346, 0.8899878263473511, 0.8897684812545776, 0.8890243172645569, 0.8796755075454712, 0.8719198107719421]",frozen_mert_extended_embed128,notebook2,frozen_mert,extended_existing,128,single_center,exact_ip,exact_ip
multi_segment_same_track:140925:clean:1.00,140925,multi_segment_same_track,clean,1.0,3,31,False,29351,0.9434359073638916,"[29351, 38821, 38823, 98348, 38819, 85600, 35545, 43519, 60874, 21998]","[0.9434359073638916, 0.9294394254684448, 0.9238582849502563, 0.918510377407074, 0.9017354249954224, 0.8784722685813904, 0.8662195205688477, 0.8656339049339294, 0.8574982285499573, 0.8514734506607056]",frozen_mert_extended_embed128,notebook2,frozen_mert,extended_existing,128,single_center,exact_ip,exact_ip
multi_segment_same_track:140934:clean:1.00,140934,multi_segment_same_track,clean,1.0,3,31,False,112483,0.9546570777893066,"[112483, 51272, 26861, 14735, 66539, 121930, 141619, 108847, 16339, 121595]","[0.9546570777893066, 0.9149895906448364, 0.9057046175003052, 0.8938961625099182, 0.8820422887802124, 0.873765230178833, 0.8561717867851257, 0.8559083938598633, 0.8556278944015503, 0.8491458892822266]",frozen_mert_extended_embed128,notebook2,frozen_mert,extended_existing,128,single_center,exact_ip,exact_ip
multi_segment_same_track:148028:clean:1.00,148028,multi_segment_same_track,clean,1.0,3,31,False,128878,0.9229377508163452,"[128878, 35182, 35550, 115293, 112488, 28266, 82778, 134795, 115290, 114223]","[0.9229377508163452, 0.9005468487739563, 0.9003959894180298, 0.9000757932662964, 0.8908793926239014, 0.8712050318717957, 0.8614147901535034, 0.8595911860466003, 0.8580265045166016, 0.8580265045166016]",frozen_mert_extended_embed128,notebook2,frozen_mert,extended_existing,128,single_center,exact_ip,exact_ip
multi_segment_same_track:148608:clean:1.00,148608,multi_segment_same_track,clean,1.0,3,31,False,12046,0.9089342355728149,"[12046, 133681, 145777, 12053, 10384, 40244, 12059, 85599, 93522, 67457]","[0.9089342355728149, 0.8912299275398254, 0.8636735081672668, 0.8599838614463806, 0.856777548789978, 0.8565216064453125, 0.8542370200157166, 0.8486970067024231, 0.8473296761512756, 0.8404536843299866]",frozen_mert_extended_embed128,notebook2,frozen_mert,extended_existing,128,single_center,exact_ip,exact_ip
multi_segment_same_track:704:clean:1.00,704,multi_segment_same_track,clean,1.0,3,31,False,110086,0.9489151239395142,"[110086, 82780, 12489, 110084, 110744, 150288, 142359, 148031, 86415, 14601]","[0.9489151239395142, 0.9348912239074707, 0.902845561504364, 0.9022490382194519, 0.8924390077590942, 0.8828669786453247, 0.8750635385513306, 0.8745615482330322, 0.8726797699928284, 0.857707142829895]",frozen_mert_extended_embed128,notebook2,frozen_mert,extended_existing,128,single_center,ivfflat_nprobe1,ivfflat
multi_segment_same_track:7373:clean:1.00,7373,multi_segment_same_track,clean,1.0,3,31,False,40234,0.8986416459083557,"[40234, 110774, 40236, 131933, 106877, 38827, 63456, 145458, 140925, 73522]","[0.8986416459083557, 0.8647815585136414, 0.7782959938049316, 0.7654544115066528, 0.7496749758720398, 0.7485765218734741, 0.725214958190918, 0.7249579429626465, 0.7220734357833862, 0.7202041745185852]",frozen_mert_extended_embed128,notebook2,frozen_mert,extended_existing,128,single_center,ivfflat_nprobe1,ivfflat
multi_segment_same_track:7376:clean:1.00,7376,multi_segment_same_track,clean,1.0,3,31,False,43519,0.9488157033920288,"[43519, 38785, 38823, 127182, 76363, 63149, 12066, 38822, 127180, 38830]","[0.9488157033920288, 0.9228837490081787, 0.917212188243866, 0.9093871116638184, 0.8989766836166382, 0.8943730592727661, 0.8872416019439697, 0.8867331147193909, 0.8832084536552429, 0.8800073862075806]",frozen_mert_extended_embed128,notebook2,frozen_mert,extended_existing,128,single_center,ivfflat_nprobe1,ivfflat
multi_segment_same_track:7386:clean:1.00,7386,multi_segment_same_track,clean,1.0,3,31,False,148002,0.9313870668411255,"[148002, 98346, 59695, 12489, 138020, 7381, 71420, 111148, 98349, 7378]","[0.9313870668411255, 0.8709738254547119, 0.8697567582130432, 0.8106318712234497, 0.7997422814369202, 0.786148190498352, 0.7523138523101807, 0.7515547275543213, 0.7505858540534973, 0.7391824126243591]",frozen_mert_extended_embed128,notebook2,frozen_mert,extended_existing,128,single_center,ivfflat_nprobe1,ivfflat
multi_segment_same_track:7393:clean:1.00,7393,multi_segment_same_track,clean,1.0,3,31,False,16995,0.9269396662712097,"[16995, 63159, 140924, 117883, 106877, 890, 104434, 116527, 73522, 117884]","[0.9269396662712097, 0.922670841217041, 0.9219681024551392, 0.8328566551208496, 0.8031388521194458, 0.801995575428009, 0.7991734743118286, 0.7990541458129883, 0.7953481674194336, 0.795142650604248]",frozen_mert_extended_embed128,notebook2,frozen_mert,extended_existing,128,single_center,ivfflat_nprobe1,ivfflat
multi_segment_same_track:10441:clean:1.00,10441,multi_segment_same_track,clean,1.0,3,31,False,40240,0.9324356317520142,"[40240, 60534, 38825, 56895, 63149, 38833, 38785, 12061, 38819, 40239]","[0.9324356317520142, 0.9054633378982544, 0.8929939866065979, 0.8887539505958557, 0.8817412853240967, 0.8634058237075806, 0.8602941036224365, 0.8576532602310181, 0.854636013507843, 0.8537924289703369]",frozen_mert_extended_embed128,notebook2,frozen_mert,extended_existing,128,single_center,ivfflat_nprobe1,ivfflat
multi_segment_same_track:10443:clean:1.00,10443,multi_segment_same_track,clean,1.0,3,31,False,10444,0.899822473526001,"[10444, 137627, 12052, 10441, 53586, 86040, 48999, 10679, 41310, 126243]","[0.899822473526001, 0.8918306827545166, 0.8549274206161499, 0.8265893459320068, 0.820327639579773, 0.8166766166687012, 0.8109788298606873, 0.8021276593208313, 0.7809886932373047, 0.7794119119644165]",frozen_mert_extended_embed128,notebook2,frozen_mert,extended_existing,128,single_center,ivfflat_nprobe1,ivfflat
multi_segment_same_track:10480:clean:1.00,10480,multi_segment_same_track,clean,1.0,3,31,False,10383,0.9025477766990662,"[10383, 40233, 10384, 94093, 134486, 40231, 12061, 11503, 42463, 116390]","[0.9025477766990662, 0.8979344367980957, 0.8967874646186829, 0.8766806125640869, 0.8746998310089111, 0.8589994311332703, 0.8578566908836365, 0.8233599662780762, 0.8225327730178833, 0.8217964172363281]",frozen_mert_extended_embed128,notebook2,frozen_mert,extended_existing,128,single_center,ivfflat_nprobe1,ivfflat
multi_segment_same_track:11019:clean:1.00,11019,multi_segment_same_track,clean,1.0,3,31,False,38818,0.8773189187049866,"[38818, 154306, 98349, 7374, 38822, 116407, 127182, 111148, 35545, 57274]","[0.8773189187049866, 0.8613691329956055, 0.8523542881011963, 0.817508339881897, 0.814772367477417, 0.8130775690078735, 0.8122404217720032, 0.7957849502563477, 0.7885922789573669, 0.7836283445358276]",frozen_mert_extended_embed128,notebook2,frozen_mert,extended_existing,128,single_center,ivfflat_nprobe1,ivfflat
multi_segment_same_track:12059:clean:1.00,12059,multi_segment_same_track,clean,1.0,3,31,False,12052,0.9076488018035889,"[12052, 90527, 42375, 57272, 148612, 36799, 38778, 38779, 43521, 38822]","[0.9076488018035889, 0.8901533484458923, 0.8823692798614502, 0.8668521642684937, 0.8552641868591309, 0.8541692495346069, 0.8358173370361328, 0.83536696434021, 0.8299515247344971, 0.8249183893203735]",frozen_mert_extended_embed128,notebook2,frozen_mert,extended_existing,128,single_center,ivfflat_nprobe1,ivfflat
multi_segment_same_track:12484:clean:1.00,12484,multi_segment_same_track,clean,1.0,3,31,False,108842,0.8882381916046143,"[108842, 10383, 134792, 42463, 60537, 68587, 40239, 63065, 38825, 11503]","[0.8882381916046143, 0.8839598894119263, 0.8679118156433105, 0.8583658337593079, 0.8551427125930786, 0.8407570719718933, 0.840165376663208, 0.8315371870994568, 0.8176259994506836, 0.8160806894302368]",frozen_mert_extended_embed128,notebook2,frozen_mert,extended_existing,128,single_center,ivfflat_nprobe1,ivfflat
multi_segment_same_track:12486:clean:1.00,12486,multi_segment_same_track,clean,1.0,3,31,False,138019,0.9159262776374817,"[138019, 63159, 117887, 116527, 127519, 65265, 128878, 890, 28070, 134791]","[0.9159262776374817, 0.896021842956543, 0.8801416754722595, 0.8534668684005737, 0.8478298783302307, 0.8431732654571533, 0.8410398960113525, 0.840576171875, 0.8187084197998047, 0.8155686855316162]",frozen_mert_extended_embed128,notebook2,frozen_mert,extended_existing,128,single_center,ivfflat_nprobe1,ivfflat
multi_segment_same_track:12518:clean:1.00,12518,multi_segment_same_track,clean,1.0,3,31,False,112488,0.9205359220504761,"[112488, 40844, 76128, 35184, 21995, 60476, 108847, 141619, 108527, 65780]","[0.9205359220504761, 0.8888724446296692, 0.8755641579627991, 0.8701454401016235, 0.8667709827423096, 0.856201171875, 0.8434337377548218, 0.8420016765594482, 0.8415064811706543, 0.8350701332092285]",frozen_mert_extended_embed128,notebook2,frozen_mert,extended_existing,128,single_center,ivfflat_nprobe1,ivfflat
multi_segment_same_track:14603:clean:1.00,14603,multi_segment_same_track,clean,1.0,3,31,False,67365,0.8492295742034912,"[67365, 116388, 38783, 99095, 38780, 48990, 38817, 110204, 38781, 40240]","[0.8492295742034912, 0.8414326906204224, 0.8405592441558838, 0.8329821825027466, 0.8236615061759949, 0.8107804656028748, 0.801440954208374, 0.7947326302528381, 0.7820351123809814, 0.7714321613311768]",frozen_mert_extended_embed128,notebook2,frozen_mert,extended_existing,128,single_center,ivfflat_nprobe1,ivfflat
multi_segment_same_track:14653:clean:1.00,14653,multi_segment_same_track,clean,1.0,3,31,False,90526,0.9327434301376343,"[90526, 103518, 150015, 11200, 14741, 111934, 121913, 85308, 67333, 69223]","[0.9327434301376343, 0.887300968170166, 0.830453634262085, 0.8173134922981262, 0.8087567090988159, 0.8013270497322083, 0.8007591962814331, 0.7678613066673279, 0.765507161617279, 0.7650941610336304]",frozen_mert_extended_embed128,notebook2,frozen_mert,extended_existing,128,single_center,ivfflat_nprobe1,ivfflat
multi_segment_same_track:14733:clean:1.00,14733,multi_segment_same_track,clean,1.0,3,31,False,51305,0.9389951229095459,"[51305, 14742, 14744, 38777, 10386, 12050, 10485, 53587, 10441, 86039]","[0.9389951229095459, 0.8791159987449646, 0.8778649568557739, 0.875937283039093, 0.8433244228363037, 0.8407615423202515, 0.8386573195457458, 0.8345556855201721, 0.8305236101150513, 0.829312264919281]",frozen_mert_extended_embed128,notebook2,frozen_mert,extended_existing,128,single_center,ivfflat_nprobe1,ivfflat
multi_segment_same_track:14736:clean:1.00,14736,multi_segment_same_track,clean,1.0,3,31,False,148002,0.8630709648132324,"[148002, 111148, 66535, 148609, 10442, 12489, 53586, 127330, 137627, 38778]","[0.8630709648132324, 0.8597282767295837, 0.8435436487197876, 0.842738687992096, 0.8367419242858887, 0.8352211713790894, 0.8314530253410339, 0.8304624557495117, 0.8147886395454407, 0.7982531785964966]",frozen_mert_extended_embed128,notebook2,frozen_mert,extended_existing,128,single_center,ivfflat_nprobe1,ivfflat
multi_segment_same_track:14740:clean:1.00,14740,multi_segment_same_track,clean,1.0,3,31,False,117886,0.9133797287940979,"[117886, 23041, 12050, 38782, 12065, 47526, 12049, 40235, 43767, 10440]","[0.9133797287940979, 0.9068757891654968, 0.8739821910858154, 0.8663790225982666, 0.8646413087844849, 0.8386701345443726, 0.8299119472503662, 0.82795250415802, 0.8258306384086609, 0.8150880336761475]",frozen_mert_extended_embed128,notebook2,frozen_mert,extended_existing,128,single_center,ivfflat_nprobe1,ivfflat
multi_segment_same_track:16337:clean:1.00,16337,multi_segment_same_track,clean,1.0,3,31,False,42146,0.904778242111206,"[42146, 99093, 142533, 38782, 38818, 38777, 36799, 111148, 35545, 117886]","[0.904778242111206, 0.8929708003997803, 0.865065336227417, 0.8640760183334351, 0.8576332330703735, 0.8505610227584839, 0.8474708795547485, 0.8393928408622742, 0.8311021327972412, 0.8298694491386414]",frozen_mert_extended_embed128,notebook2,frozen_mert,extended_existing,128,single_center,ivfflat_nprobe1,ivfflat
multi_segment_same_track:16338:clean:1.00,16338,multi_segment_same_track,clean,1.0,3,31,False,12051,0.8387993574142456,"[12051, 117884, 134790, 116390, 36799, 40231, 13328, 116175, 10441, 38777]","[0.8387993574142456, 0.8291395902633667, 0.8098863363265991, 0.7983440160751343, 0.7961217761039734, 0.7870343327522278, 0.7841956615447998, 0.776488721370697, 0.7755658030509949, 0.7718709111213684]",frozen_mert_extended_embed128,notebook2,frozen_mert,extended_existing,128,single_center,ivfflat_nprobe1,ivfflat
multi_segment_same_track:16339:clean:1.00,16339,multi_segment_same_track,clean,1.0,3,31,False,38819,0.9279780387878418,"[38819, 85600, 12387, 91471, 38818, 7381, 60537, 35545, 25055, 38833]","[0.9279780387878418, 0.9087923765182495, 0.8987424373626709, 0.8881393671035767, 0.8518831729888916, 0.848966121673584, 0.8485020995140076, 0.844970703125, 0.8435122966766357, 0.8387827277183533]",frozen_mert_extended_embed128,notebook2,frozen_mert,extended_existing,128,single_center,ivfflat_nprobe1,ivfflat
multi_segment_same_track:16994:clean:1.00,16994,multi_segment_same_track,clean,1.0,3,31,False,12061,0.8085253238677979,"[12061, 69303, 51301, 40233, 144592, 10384, 12046, 111149, 113273, 16340]","[0.8085253238677979, 0.7850394248962402, 0.7748374938964844, 0.7697107195854187, 0.76145339012146, 0.7608444690704346, 0.7447665333747864, 0.7398386001586914, 0.7357328534126282, 0.7317127585411072]",frozen_mert_extended_embed128,notebook2,frozen_mert,extended_existing,128,single_center,ivfflat_nprobe1,ivfflat
multi_segment_same_track:23862:clean:1.00,23862,multi_segment_same_track,clean,1.0,3,31,False,14690,0.9117560386657715,"[14690, 42018, 86416, 110765, 108845, 147024, 108493, 108846, 85593, 66717]","[0.9117560386657715, 0.8939765691757202, 0.8531848788261414, 0.8462198972702026, 0.8316742181777954, 0.8102259635925293, 0.7969435453414917, 0.7929306030273438, 0.7894655466079712, 0.7893978953361511]",frozen_mert_extended_embed128,notebook2,frozen_mert,extended_existing,128,single_center,ivfflat_nprobe1,ivfflat
multi_segment_same_track:25055:clean:1.00,25055,multi_segment_same_track,clean,1.0,3,31,False,128882,0.8754955530166626,"[128882, 40243, 116176, 113279, 127520, 119830, 134797, 12488, 140922, 57274]","[0.8754955530166626, 0.8611764907836914, 0.8451438546180725, 0.829136848449707, 0.8213984966278076, 0.8016963005065918, 0.7977620959281921, 0.782528281211853, 0.7814755439758301, 0.7722259759902954]",frozen_mert_extended_embed128,notebook2,frozen_mert,extended_existing,128,single_center,ivfflat_nprobe1,ivfflat
multi_segment_same_track:26859:clean:1.00,26859,multi_segment_same_track,clean,1.0,3,31,False,12489,0.8252951502799988,"[12489, 148002, 67457, 85599, 128882, 141616, 12488, 140922, 40243, 116176]","[0.8252951502799988, 0.8189294338226318, 0.8046507239341736, 0.7731703519821167, 0.7671550512313843, 0.7555617094039917, 0.7542182207107544, 0.7431961297988892, 0.7388449311256409, 0.7322880029678345]",frozen_mert_extended_embed128,notebook2,frozen_mert,extended_existing,128,single_center,ivfflat_nprobe1,ivfflat
multi_segment_same_track:26902:clean:1.00,26902,multi_segment_same_track,clean,1.0,3,31,False,42141,0.8859203457832336,"[42141, 108456, 14602, 111146, 36959, 35544, 85598, 86116, 85595, 35608]","[0.8859203457832336, 0.8386921286582947, 0.8374747633934021, 0.8065996170043945, 0.7996950745582581, 0.799344539642334, 0.7959159016609192, 0.7942267656326294, 0.7911198139190674, 0.7895496487617493]",frozen_mert_extended_embed128,notebook2,frozen_mert,extended_existing,128,single_center,ivfflat_nprobe1,ivfflat
multi_segment_same_track:26904:clean:1.00,26904,multi_segment_same_track,clean,1.0,3,31,False,43519,0.9038589000701904,"[43519, 29351, 60874, 38823, 38821, 705, 60873, 142533, 9155, 38784]","[0.9038589000701904, 0.8948405981063843, 0.8897555470466614, 0.887157678604126, 0.8672866821289062, 0.8484476804733276, 0.8412048816680908, 0.8310080170631409, 0.8236446380615234, 0.8154376745223999]",frozen_mert_extended_embed128,notebook2,frozen_mert,extended_existing,128,single_center,ivfflat_nprobe1,ivfflat
multi_segment_same_track:26905:clean:1.00,26905,multi_segment_same_track,clean,1.0,3,31,False,85595,0.911696195602417,"[85595, 60873, 61821, 110070, 115011, 83906, 116407, 38784, 60874, 29351]","[0.911696195602417, 0.8937900066375732, 0.8815708160400391, 0.8728550672531128, 0.8668944239616394, 0.8393148183822632, 0.8383322954177856, 0.8331887722015381, 0.8278113007545471, 0.8238217830657959]",frozen_mert_extended_embed128,notebook2,frozen_mert,extended_existing,128,single_center,ivfflat_nprobe1,ivfflat
multi_segment_same_track:28070:clean:1.00,28070,multi_segment_same_track,clean,1.0,3,31,False,40242,0.9221640229225159,"[40242, 116527, 95535, 117883, 10993, 42138, 65265, 12046, 1249, 84091]","[0.9221640229225159, 0.9195470809936523, 0.9033551216125488, 0.8796904683113098, 0.8646112680435181, 0.8514584302902222, 0.8511544466018677, 0.8445646166801453, 0.8406202793121338, 0.8272338509559631]",frozen_mert_extended_embed128,notebook2,frozen_mert,extended_existing,128,single_center,ivfflat_nprobe1,ivfflat
multi_segment_same_track:28072:clean:1.00,28072,multi_segment_same_track,clean,1.0,3,31,False,10384,0.959598183631897,"[10384, 12050, 28070, 12513, 12046, 141877, 40229, 144592, 12065, 12061]","[0.959598183631897, 0.9316000938415527, 0.924713134765625, 0.924096405506134, 0.912988543510437, 0.910378634929657, 0.9033430814743042, 0.9029941558837891, 0.896152913570404, 0.8922861814498901]",frozen_mert_extended_embed128,notebook2,frozen_mert,extended_existing,128,single_center,ivfflat_nprobe1,ivfflat
multi_segment_same_track:28266:clean:1.00,28266,multi_segment_same_track,clean,1.0,3,31,False,134791,0.9123210310935974,"[134791, 103519, 60875, 14745, 111149, 127519, 119592, 93522, 134793, 63161]","[0.9123210310935974, 0.9104438424110413, 0.8593158721923828, 0.8461846113204956, 0.8326257467269897, 0.8303190469741821, 0.8194354772567749, 0.8150604963302612, 0.8128225803375244, 0.8057585954666138]",frozen_mert_extended_embed128,notebook2,frozen_mert,extended_existing,128,single_center,ivfflat_nprobe1,ivfflat
multi_segment_same_track:30316:clean:1.00,30316,multi_segment_same_track,clean,1.0,3,31,False,7375,0.8694897890090942,"[7375, 7386, 11020, 68897, 150018, 65779, 36097, 43859, 42373, 42138]","[0.8694897890090942, 0.8530901670455933, 0.8430584669113159, 0.8195546865463257, 0.8005774617195129, 0.7933778762817383, 0.779292106628418, 0.7553694844245911, 0.7538968324661255, 0.7350766062736511]",frozen_mert_extended_embed128,notebook2,frozen_mert,extended_existing,128,single_center,ivfflat_nprobe1,ivfflat
multi_segment_same_track:33992:clean:1.00,33992,multi_segment_same_track,clean,1.0,3,31,False,13707,0.9543596506118774,"[13707, 38827, 10992, 142535, 40241, 63255, 47628, 98300, 120206, 141618]","[0.9543596506118774, 0.9327816963195801, 0.9098464250564575, 0.9068736433982849, 0.9037669897079468, 0.8864307403564453, 0.8746893405914307, 0.8682211637496948, 0.8681045770645142, 0.8622734546661377]",frozen_mert_extended_embed128,notebook2,frozen_mert,extended_existing,128,single_center,ivfflat_nprobe1,ivfflat
multi_segment_same_track:35182:clean:1.00,35182,multi_segment_same_track,clean,1.0,3,31,False,38819,0.8886884450912476,"[38819, 91471, 60537, 44777, 128885, 134792, 56895, 66539, 116177, 38825]","[0.8886884450912476, 0.8841482400894165, 0.8684217929840088, 0.8455706834793091, 0.841634213924408, 0.837587833404541, 0.8360267281532288, 0.830528736114502, 0.8267683982849121, 0.8254787921905518]",frozen_mert_extended_embed128,notebook2,frozen_mert,extended_existing,128,single_center,ivfflat_nprobe1,ivfflat
multi_segment_same_track:35204:clean:1.00,35204,multi_segment_same_track,clean,1.0,3,31,False,84736,0.9525551199913025,"[84736, 126240, 29351, 98349, 103521, 38821, 38829, 35545, 42146, 127187]","[0.9525551199913025, 0.8696683049201965, 0.8676464557647705, 0.8635502457618713, 0.8510271906852722, 0.8364357948303223, 0.8292622566223145, 0.8259009122848511, 0.8010002970695496, 0.7966492176055908]",frozen_mert_extended_embed128,notebook2,frozen_mert,extended_existing,128,single_center,ivfflat_nprobe1,ivfflat
multi_segment_same_track:36096:clean:1.00,36096,multi_segment_same_track,clean,1.0,3,31,False,76363,0.9015172719955444,"[76363, 38830, 63065, 44777, 134792, 60537, 38819, 131476, 59581, 91471]","[0.9015172719955444, 0.894660234451294, 0.8410192728042603, 0.8380188941955566, 0.8363577723503113, 0.833006739616394, 0.831744909286499, 0.8271869421005249, 0.8258711099624634, 0.8256756067276001]",frozen_mert_extended_embed128,notebook2,frozen_mert,extended_existing,128,single_center,ivfflat_nprobe1,ivfflat
multi_segment_same_track:36965:clean:1.00,36965,multi_segment_same_track,clean,1.0,3,31,False,112488,0.9297509789466858,"[112488, 65780, 141619, 154303, 124392, 60872, 76128, 38828, 68891, 110779]","[0.9297509789466858, 0.9159069657325745, 0.8833139538764954, 0.8800369501113892, 0.8668829202651978, 0.8619831800460815, 0.8617695569992065, 0.8441250324249268, 0.8437605500221252, 0.8427098989486694]",frozen_mert_extended_embed128,notebook2,frozen_mert,extended_existing,128,single_center,ivfflat_nprobe1,ivfflat
multi_segment_same_track:36998:clean:1.00,36998,multi_segment_same_track,clean,1.0,3,31,False,13708,0.8984609246253967,"[13708, 42135, 38780, 85600, 16340, 149625, 86634, 115011, 110764, 48990]","[0.8984609246253967, 0.8934051990509033, 0.8689287900924683, 0.8667600750923157, 0.8596174120903015, 0.8578391671180725, 0.8562960624694824, 0.854691743850708, 0.851431131362915, 0.8472427129745483]",frozen_mert_extended_embed128,notebook2,frozen_mert,extended_existing,128,single_center,ivfflat_nprobe1,ivfflat
multi_segment_same_track:38826:clean:1.00,38826,multi_segment_same_track,clean,1.0,3,31,False,117626,0.9152185916900635,"[117626, 38777, 127185, 93519, 10444, 38782, 12490, 38829, 84736, 126240]","[0.9152185916900635, 0.9102016687393188, 0.8962024450302124, 0.8933361768722534, 0.8828922510147095, 0.8780333995819092, 0.8740994334220886, 0.8672584891319275, 0.8654201626777649, 0.8639721274375916]",frozen_mert_extended_embed128,notebook2,frozen_mert,extended_existing,128,single_center,ivfflat_nprobe1,ivfflat
multi_segment_same_track:38828:clean:1.00,38828,multi_segment_same_track,clean,1.0,3,31,False,98299,0.9346156120300293,"[98299, 12051, 40231, 12490, 10440, 116527, 10441, 85308, 60872, 113275]","[0.9346156120300293, 0.9183051586151123, 0.9155226349830627, 0.8738837242126465, 0.8717293739318848, 0.8699159026145935, 0.8662651777267456, 0.8587622046470642, 0.8585687875747681, 0.8583686351776123]",frozen_mert_extended_embed128,notebook2,frozen_mert,extended_existing,128,single_center,ivfflat_nprobe1,ivfflat
multi_segment_same_track:40229:clean:1.00,40229,multi_segment_same_track,clean,1.0,3,31,False,40244,0.9604940414428711,"[40244, 126241, 12482, 12514, 63253, 38828, 103523, 127520, 106872, 138024]","[0.9604940414428711, 0.888251543045044, 0.8737055063247681, 0.8678554892539978, 0.8665168285369873, 0.8586575984954834, 0.844843864440918, 0.8412875533103943, 0.8325464725494385, 0.831098735332489]",frozen_mert_extended_embed128,notebook2,frozen_mert,extended_existing,128,single_center,ivfflat_nprobe1,ivfflat
multi_segment_same_track:40241:clean:1.00,40241,multi_segment_same_track,clean,1.0,3,31,False,10447,0.9383569955825806,"[10447, 40244, 69303, 12508, 12049, 40233, 94093, 10439, 892, 38820]","[0.9383569955825806, 0.900213360786438, 0.891227662563324, 0.8812586665153503, 0.878511905670166, 0.8773577213287354, 0.8647832274436951, 0.8406330347061157, 0.8399709463119507, 0.8366647362709045]",frozen_mert_extended_embed128,notebook2,frozen_mert,extended_existing,128,single_center,ivfflat_nprobe1,ivfflat
multi_segment_same_track:40242:clean:1.00,40242,multi_segment_same_track,clean,1.0,3,31,False,11508,0.9422398805618286,"[11508, 10443, 10447, 69303, 53229, 40232, 41310, 10485, 117886, 117885]","[0.9422398805618286, 0.9390386343002319, 0.9377691745758057, 0.9126279354095459, 0.8950133323669434, 0.8947813510894775, 0.8805431127548218, 0.870821475982666, 0.8662076592445374, 0.8622357845306396]",frozen_mert_extended_embed128,notebook2,frozen_mert,extended_existing,128,single_center,ivfflat_nprobe1,ivfflat
multi_segment_same_track:40245:clean:1.00,40245,multi_segment_same_track,clean,1.0,3,31,False,103519,0.9003443717956543,"[103519, 93522, 134793, 103520, 126243, 10387, 40239, 12481, 134791, 115293]","[0.9003443717956543, 0.8612217903137207, 0.853961706161499, 0.844130277633667, 0.8431209921836853, 0.8406493067741394, 0.8328154683113098, 0.8240758776664734, 0.8204912543296814, 0.801753580570221]",frozen_mert_extended_embed128,notebook2,frozen_mert,extended_existing,128,single_center,ivfflat_nprobe1,ivfflat
multi_segment_same_track:40844:clean:1.00,40844,multi_segment_same_track,clean,1.0,3,31,False,95486,0.8919411897659302,"[95486, 121930, 84091, 23063, 12065, 113262, 69223, 139934, 121922, 106876]","[0.8919411897659302, 0.8534877896308899, 0.848702073097229, 0.8393163084983826, 0.8200145363807678, 0.8062299489974976, 0.802352786064148, 0.7778949737548828, 0.776124119758606, 0.7688703536987305]",frozen_mert_extended_embed128,notebook2,frozen_mert,extended_existing,128,single_center,ivfflat_nprobe1,ivfflat
multi_segment_same_track:42146:clean:1.00,42146,multi_segment_same_track,clean,1.0,3,31,False,35545,0.895987868309021,"[35545, 127180, 116177, 154307, 91471, 38819, 43519, 42375, 29351, 38785]","[0.895987868309021, 0.8907316327095032, 0.8795443773269653, 0.8738662004470825, 0.8677210211753845, 0.8577268123626709, 0.8575121760368347, 0.8394569158554077, 0.8291483521461487, 0.8251991271972656]",frozen_mert_extended_embed128,notebook2,frozen_mert,extended_existing,128,single_center,ivfflat_nprobe1,ivfflat
multi_segment_same_track:42372:clean:1.00,42372,multi_segment_same_track,clean,1.0,3,31,False,110775,0.9101318120956421,"[110775, 144213, 85593, 134796, 145751, 148031, 21996, 122511, 145477, 110086]","[0.9101318120956421, 0.9098124504089355, 0.8771945834159851, 0.8713679909706116, 0.8613327741622925, 0.8467593193054199, 0.8435429334640503, 0.8356591463088989, 0.8093191385269165, 0.8003979325294495]",frozen_mert_extended_embed128,notebook2,frozen_mert,extended_existing,128,single_center,ivfflat_nprobe1,ivfflat
multi_segment_same_track:42373:clean:1.00,42373,multi_segment_same_track,clean,1.0,3,31,False,14737,0.9025570750236511,"[14737, 124185, 26906, 1075, 60533, 86117, 73779, 86116, 117251, 28692]","[0.9025570750236511, 0.8992277383804321, 0.8824199438095093, 0.8741017580032349, 0.8656615018844604, 0.8585252165794373, 0.857310950756073, 0.8555536866188049, 0.8331905007362366, 0.8324300646781921]",frozen_mert_extended_embed128,notebook2,frozen_mert,extended_existing,128,single_center,ivfflat_nprobe1,ivfflat
multi_segment_same_track:42463:clean:1.00,42463,multi_segment_same_track,clean,1.0,3,31,False,42146,0.9114292860031128,"[42146, 59695, 42375, 35545, 98346, 12489, 7381, 98349, 111148, 38778]","[0.9114292860031128, 0.8953203558921814, 0.8896914720535278, 0.8848133087158203, 0.8845635652542114, 0.8816959857940674, 0.878208339214325, 0.877784252166748, 0.8698920011520386, 0.8682990670204163]",frozen_mert_extended_embed128,notebook2,frozen_mert,extended_existing,128,single_center,ivfflat_nprobe1,ivfflat
multi_segment_same_track:43516:clean:1.00,43516,multi_segment_same_track,clean,1.0,3,31,False,60872,0.9126750230789185,"[60872, 43767, 42129, 40231, 38782, 106872, 116175, 12508, 10440, 38828]","[0.9126750230789185, 0.9074587225914001, 0.8927866816520691, 0.891911506652832, 0.880060076713562, 0.8723335266113281, 0.8684082627296448, 0.8662329912185669, 0.8568299412727356, 0.8484666347503662]",frozen_mert_extended_embed128,notebook2,frozen_mert,extended_existing,128,single_center,ivfflat_nprobe1,ivfflat
multi_segment_same_track:43520:clean:1.00,43520,multi_segment_same_track,clean,1.0,3,31,False,12048,0.9292780756950378,"[12048, 38833, 12481, 40239, 53586, 90527, 108456, 137627, 10678, 12052]","[0.9292780756950378, 0.9005905389785767, 0.8958048820495605, 0.8817152976989746, 0.8815256953239441, 0.8814011812210083, 0.8743133544921875, 0.8666753768920898, 0.8641679286956787, 0.8576033711433411]",frozen_mert_extended_embed128,notebook2,frozen_mert,extended_existing,128,single_center,ivfflat_nprobe1,ivfflat
multi_segment_same_track:43765:clean:1.00,43765,multi_segment_same_track,clean,1.0,3,31,False,10441,0.879654049873352,"[10441, 38828, 60872, 40244, 60871, 38821, 85600, 38778, 12051, 106872]","[0.879654049873352, 0.8756300210952759, 0.8662722706794739, 0.8609945178031921, 0.8226564526557922, 0.8195387125015259, 0.8156095743179321, 0.8013142347335815, 0.7968323230743408, 0.7936365604400635]",frozen_mert_extended_embed128,notebook2,frozen_mert,extended_existing,128,single_center,ivfflat_nprobe1,ivfflat
multi_segment_same_track:43768:clean:1.00,43768,multi_segment_same_track,clean,1.0,3,31,False,98348,0.8811774849891663,"[98348, 119828, 76363, 86116, 38817, 85598, 38830, 91471, 60537, 38775]","[0.8811774849891663, 0.8677839636802673, 0.8563156127929688, 0.8540956974029541, 0.8528496026992798, 0.8500052094459534, 0.8371365666389465, 0.8333210945129395, 0.8179434537887573, 0.8178942203521729]",frozen_mert_extended_embed128,notebook2,frozen_mert,extended_existing,128,single_center,ivfflat_nprobe1,ivfflat
multi_segment_same_track:45149:clean:1.00,45149,multi_segment_same_track,clean,1.0,3,31,False,36099,0.9119486212730408,"[36099, 144215, 60533, 111216, 30316, 139935, 28692, 20296, 39605, 67331]","[0.9119486212730408, 0.9070147275924683, 0.8841164112091064, 0.8662157654762268, 0.856001615524292, 0.8529648184776306, 0.8488425016403198, 0.8474636077880859, 0.8459157943725586, 0.8442200422286987]",frozen_mert_extended_embed128,notebook2,frozen_mert,extended_existing,128,single_center,ivfflat_nprobe1,ivfflat
multi_segment_same_track:45152:clean:1.00,45152,multi_segment_same_track,clean,1.0,3,31,False,42377,0.874382734298706,"[42377, 86416, 111938, 98302, 39607, 112468, 60875, 131935, 110778, 142539]","[0.874382734298706, 0.8663740754127502, 0.850153386592865, 0.8234026432037354, 0.8164358139038086, 0.8115659952163696, 0.8055053353309631, 0.8016855716705322, 0.7807825803756714, 0.7714874744415283]",frozen_mert_extended_embed128,notebook2,frozen_mert,extended_existing,128,single_center,ivfflat_nprobe1,ivfflat
multi_segment_same_track:49477:clean:1.00,49477,multi_segment_same_track,clean,1.0,3,31,False,35544,0.9520325064659119,"[35544, 36959, 74374, 119828, 127331, 86119, 148606, 110206, 7377, 115011]","[0.9520325064659119, 0.9517967104911804, 0.8835092782974243, 0.8734684586524963, 0.873259425163269, 0.8626003265380859, 0.8436076641082764, 0.8388278484344482, 0.838424026966095, 0.8365886807441711]",frozen_mert_extended_embed128,notebook2,frozen_mert,extended_existing,128,single_center,ivfflat_nprobe1,ivfflat
multi_segment_same_track:50752:clean:1.00,50752,multi_segment_same_track,clean,1.0,3,31,False,53586,0.8628048896789551,"[53586, 85595, 21998, 36097, 137627, 10678, 60871, 148002, 60873, 38821]","[0.8628048896789551, 0.8569254875183105, 0.8459346294403076, 0.8342504501342773, 0.8063386678695679, 0.7826095819473267, 0.742315411567688, 0.7408653497695923, 0.7368576526641846, 0.7300493717193604]",frozen_mert_extended_embed128,notebook2,frozen_mert,extended_existing,128,single_center,ivfflat_nprobe1,ivfflat
multi_segment_same_track:51260:clean:1.00,51260,multi_segment_same_track,clean,1.0,3,31,False,86416,0.7982343435287476,"[86416, 12692, 150015, 65780, 16340, 11200, 154303, 68891, 40845, 148612]","[0.7982343435287476, 0.7902707457542419, 0.7898632287979126, 0.7833048105239868, 0.7810258269309998, 0.7742302417755127, 0.7710177898406982, 0.7704676985740662, 0.7561293840408325, 0.754270613193512]",frozen_mert_extended_embed128,notebook2,frozen_mert,extended_existing,128,single_center,ivfflat_nprobe1,ivfflat
multi_segment_same_track:53228:clean:1.00,53228,multi_segment_same_track,clean,1.0,3,31,False,127189,0.8934202790260315,"[127189, 69303, 85599, 40243, 12482, 126243, 10387, 12053, 892, 127520]","[0.8934202790260315, 0.8632907271385193, 0.8308349847793579, 0.8251349925994873, 0.8153489232063293, 0.8072632551193237, 0.8048760890960693, 0.7757276892662048, 0.7661816477775574, 0.7568754553794861]",frozen_mert_extended_embed128,notebook2,frozen_mert,extended_existing,128,single_center,ivfflat_nprobe1,ivfflat
